Effective_Date,Symbol,Canonical_Symbol,Action,Press_Release_Date,Source_URL,Notes
2023-09-07,JIOFIN,JIOFIN,EXCLUDE,2023-09-05,https://www.niftyindices.com/Press_Release/ind_prs05092023.pdf,Jio Financial exclusion after listing price-band test.
2023-09-29,BASF,BASF,EXCLUDE,2023-08-17,https://www.niftyindices.com/Press_Release/ind_prs17082023.pdf,Semi-annual Nifty 500 review.
2023-09-29,GARFIBRES,GARFIBRES,EXCLUDE,2023-08-17,https://www.niftyindices.com/Press_Release/ind_prs17082023.pdf,Semi-annual Nifty 500 review.
2023-09-29,GODREJAGRO,GODREJAGRO,EXCLUDE,2023-08-17,https://www.niftyindices.com/Press_Release/ind_prs17082023.pdf,Semi-annual Nifty 500 review.
2023-09-29,GREENPANEL,GREENPANEL,EXCLUDE,2023-08-17,https://www.niftyindices.com/Press_Release/ind_prs17082023.pdf,Semi-annual Nifty 500 review.
2023-09-29,HGS,HGS,EXCLUDE,2023-08-17,https://www.niftyindices.com/Press_Release/ind_prs17082023.pdf,Semi-annual Nifty 500 review.
2023-09-29,HIKAL,HIKAL,EXCLUDE,2023-08-17,https://www.niftyindices.com/Press_Release/ind_prs17082023.pdf,Semi-annual Nifty 500 review.
2023-09-29,IBREALEST,IBREALEST,EXCLUDE,2023-08-17,https://www.niftyindices.com/Press_Release/ind_prs17082023.pdf,Semi-annual Nifty 500 review.
2023-09-29,IFBIND,IFBIND,EXCLUDE,2023-08-17,https://www.niftyindices.com/Press_Release/ind_prs17082023.pdf,Semi-annual Nifty 500 review.
2023-09-29,JINDWORLD,JINDWORLD,EXCLUDE,2023-08-17,https://www.niftyindices.com/Press_Release/ind_prs17082023.pdf,Semi-annual Nifty 500 review.
2023-09-29,KENNAMET,KENNAMET,EXCLUDE,2023-08-17,https://www.niftyindices.com/Press_Release/ind_prs17082023.pdf,Semi-annual Nifty 500 review.
2023-09-29,MAHLOG,MAHLOG,EXCLUDE,2023-08-17,https://www.niftyindices.com/Press_Release/ind_prs17082023.pdf,Semi-annual Nifty 500 review.
2023-09-29,NOCIL,NOCIL,EXCLUDE,2023-08-17,https://www.niftyindices.com/Press_Release/ind_prs17082023.pdf,Semi-annual Nifty 500 review.
2023-09-29,RUSTOMJEE,RUSTOMJEE,EXCLUDE,2023-08-17,https://www.niftyindices.com/Press_Release/ind_prs17082023.pdf,Semi-annual Nifty 500 review.
2023-09-29,TCI,TCI,EXCLUDE,2023-08-17,https://www.niftyindices.com/Press_Release/ind_prs17082023.pdf,Semi-annual Nifty 500 review.
2023-09-29,TCIEXP,TCIEXP,EXCLUDE,2023-08-17,https://www.niftyindices.com/Press_Release/ind_prs17082023.pdf,Semi-annual Nifty 500 review.
2023-09-29,TCNSBRANDS,TCNSBRANDS,EXCLUDE,2023-08-17,https://www.niftyindices.com/Press_Release/ind_prs17082023.pdf,Semi-annual Nifty 500 review.
2023-09-29,TMB,TMB,EXCLUDE,2023-08-17,https://www.niftyindices.com/Press_Release/ind_prs17082023.pdf,Semi-annual Nifty 500 review.
2023-09-29,UFLEX,UFLEX,EXCLUDE,2023-08-17,https://www.niftyindices.com/Press_Release/ind_prs17082023.pdf,Semi-annual Nifty 500 review.
2023-09-29,ALLCARGO,ALLCARGO,INCLUDE,2023-08-17,https://www.niftyindices.com/Press_Release/ind_prs17082023.pdf,Semi-annual Nifty 500 review.
2023-09-29,ALOKINDS,ALOKINDS,INCLUDE,2023-08-17,https://www.niftyindices.com/Press_Release/ind_prs17082023.pdf,Semi-annual Nifty 500 review.
2023-09-29,GILLETTE,GILLETTE,INCLUDE,2023-08-17,https://www.niftyindices.com/Press_Release/ind_prs17082023.pdf,Semi-annual Nifty 500 review.
2023-09-29,GLS,GLS,INCLUDE,2023-08-17,https://www.niftyindices.com/Press_Release/ind_prs17082023.pdf,Semi-annual Nifty 500 review.
2023-09-29,GPIL,GPIL,INCLUDE,2023-08-17,https://www.niftyindices.com/Press_Release/ind_prs17082023.pdf,Semi-annual Nifty 500 review.
2023-09-29,IRCON,IRCON,INCLUDE,2023-08-17,https://www.niftyindices.com/Press_Release/ind_prs17082023.pdf,Semi-annual Nifty 500 review.
2023-09-29,JINDALSAW,JINDALSAW,INCLUDE,2023-08-17,https://www.niftyindices.com/Press_Release/ind_prs17082023.pdf,Semi-annual Nifty 500 review.
2023-09-29,KAYNES,KAYNES,INCLUDE,2023-08-17,https://www.niftyindices.com/Press_Release/ind_prs17082023.pdf,Semi-annual Nifty 500 review.
2023-09-29,KIRLFER,KIRLFER,INCLUDE,2023-08-17,https://www.niftyindices.com/Press_Release/ind_prs17082023.pdf,Semi-annual Nifty 500 review.
2023-09-29,MINDACORP,MINDACORP,INCLUDE,2023-08-17,https://www.niftyindices.com/Press_Release/ind_prs17082023.pdf,Semi-annual Nifty 500 review.
2023-09-29,PGHL,PGHL,INCLUDE,2023-08-17,https://www.niftyindices.com/Press_Release/ind_prs17082023.pdf,Semi-annual Nifty 500 review.
2023-09-29,SAFARI,SAFARI,INCLUDE,2023-08-17,https://www.niftyindices.com/Press_Release/ind_prs17082023.pdf,Semi-annual Nifty 500 review.
2023-09-29,SAREGAMA,SAREGAMA,INCLUDE,2023-08-17,https://www.niftyindices.com/Press_Release/ind_prs17082023.pdf,Semi-annual Nifty 500 review.
2023-09-29,SFL,SFL,INCLUDE,2023-08-17,https://www.niftyindices.com/Press_Release/ind_prs17082023.pdf,Semi-annual Nifty 500 review.
2023-09-29,SYMPHONY,SYMPHONY,INCLUDE,2023-08-17,https://www.niftyindices.com/Press_Release/ind_prs17082023.pdf,Semi-annual Nifty 500 review.
2023-09-29,SYRMA,SYRMA,INCLUDE,2023-08-17,https://www.niftyindices.com/Press_Release/ind_prs17082023.pdf,Semi-annual Nifty 500 review.
2023-09-29,UJJIVANSFB,UJJIVANSFB,INCLUDE,2023-08-17,https://www.niftyindices.com/Press_Release/ind_prs17082023.pdf,Semi-annual Nifty 500 review.
2023-09-29,USHAMART,USHAMART,INCLUDE,2023-08-17,https://www.niftyindices.com/Press_Release/ind_prs17082023.pdf,Semi-annual Nifty 500 review.
2023-10-26,KIRLFER,KIRLFER,EXCLUDE,2023-10-17,https://www.niftyindices.com/Press_Release/ind_prs17102023.pdf,Replacement after withdrawal of permitted-to-trade dealings.
2023-10-26,CONCORDBIO,CONCORDBIO,INCLUDE,2023-10-17,https://www.niftyindices.com/Press_Release/ind_prs17102023.pdf,Replacement after withdrawal of permitted-to-trade dealings.
2024-03-28,AARTIDRUGS,AARTIDRUGS,EXCLUDE,2024-02-28,https://www.niftyindices.com/Press_Release/ind_prs28022024.pdf,Semi-annual Nifty 500 review; IREDA/VGUARD correction recorded separately.
2024-03-28,BCG,BCG,EXCLUDE,2024-02-28,https://www.niftyindices.com/Press_Release/ind_prs28022024.pdf,Semi-annual Nifty 500 review; IREDA/VGUARD correction recorded separately.
2024-03-28,DELTACORP,DELTACORP,EXCLUDE,2024-02-28,https://www.niftyindices.com/Press_Release/ind_prs28022024.pdf,Semi-annual Nifty 500 review; IREDA/VGUARD correction recorded separately.
2024-03-28,EPIGRAL,EPIGRAL,EXCLUDE,2024-02-28,https://www.niftyindices.com/Press_Release/ind_prs28022024.pdf,Semi-annual Nifty 500 review; IREDA/VGUARD correction recorded separately.
2024-03-28,GALAXYSURF,GALAXYSURF,EXCLUDE,2024-02-28,https://www.niftyindices.com/Press_Release/ind_prs28022024.pdf,Semi-annual Nifty 500 review; IREDA/VGUARD correction recorded separately.
2024-03-28,GOCOLORS,GOCOLORS,EXCLUDE,2024-02-28,https://www.niftyindices.com/Press_Release/ind_prs28022024.pdf,Semi-annual Nifty 500 review; IREDA/VGUARD correction recorded separately.
2024-03-28,GRINFRA,GRINFRA,EXCLUDE,2024-02-28,https://www.niftyindices.com/Press_Release/ind_prs28022024.pdf,Semi-annual Nifty 500 review; IREDA/VGUARD correction recorded separately.
2024-03-28,GUJALKALI,GUJALKALI,EXCLUDE,2024-02-28,https://www.niftyindices.com/Press_Release/ind_prs28022024.pdf,Semi-annual Nifty 500 review; IREDA/VGUARD correction recorded separately.
2024-03-28,HLEGLAS,HLEGLAS,EXCLUDE,2024-02-28,https://www.niftyindices.com/Press_Release/ind_prs28022024.pdf,Semi-annual Nifty 500 review; IREDA/VGUARD correction recorded separately.
2024-03-28,INFIBEAM,INFIBEAM,EXCLUDE,2024-02-28,https://www.niftyindices.com/Press_Release/ind_prs28022024.pdf,Semi-annual Nifty 500 review; IREDA/VGUARD correction recorded separately.
2024-03-28,INGERRAND,INGERRAND,EXCLUDE,2024-02-28,https://www.niftyindices.com/Press_Release/ind_prs28022024.pdf,Semi-annual Nifty 500 review; IREDA/VGUARD correction recorded separately.
2024-03-28,JAMNAAUTO,JAMNAAUTO,EXCLUDE,2024-02-28,https://www.niftyindices.com/Press_Release/ind_prs28022024.pdf,Semi-annual Nifty 500 review; IREDA/VGUARD correction recorded separately.
2024-03-28,LAXMIMACH,LAXMIMACH,EXCLUDE,2024-02-28,https://www.niftyindices.com/Press_Release/ind_prs28022024.pdf,Semi-annual Nifty 500 review; IREDA/VGUARD correction recorded separately.
2024-03-28,LUXIND,LUXIND,EXCLUDE,2024-02-28,https://www.niftyindices.com/Press_Release/ind_prs28022024.pdf,Semi-annual Nifty 500 review; IREDA/VGUARD correction recorded separately.
2024-03-28,NAZARA,NAZARA,EXCLUDE,2024-02-28,https://www.niftyindices.com/Press_Release/ind_prs28022024.pdf,Semi-annual Nifty 500 review; IREDA/VGUARD correction recorded separately.
2024-03-28,ORIENTELEC,ORIENTELEC,EXCLUDE,2024-02-28,https://www.niftyindices.com/Press_Release/ind_prs28022024.pdf,Semi-annual Nifty 500 review; IREDA/VGUARD correction recorded separately.
2024-03-28,PFIZER,PFIZER,EXCLUDE,2024-02-28,https://www.niftyindices.com/Press_Release/ind_prs28022024.pdf,Semi-annual Nifty 500 review; IREDA/VGUARD correction recorded separately.
2024-03-28,PGHL,PGHL,EXCLUDE,2024-02-28,https://www.niftyindices.com/Press_Release/ind_prs28022024.pdf,Semi-annual Nifty 500 review; IREDA/VGUARD correction recorded separately.
2024-03-28,POLYPLEX,POLYPLEX,EXCLUDE,2024-02-28,https://www.niftyindices.com/Press_Release/ind_prs28022024.pdf,Semi-annual Nifty 500 review; IREDA/VGUARD correction recorded separately.
2024-03-28,RAIN,RAIN,EXCLUDE,2024-02-28,https://www.niftyindices.com/Press_Release/ind_prs28022024.pdf,Semi-annual Nifty 500 review; IREDA/VGUARD correction recorded separately.
2024-03-28,RALLIS,RALLIS,EXCLUDE,2024-02-28,https://www.niftyindices.com/Press_Release/ind_prs28022024.pdf,Semi-annual Nifty 500 review; IREDA/VGUARD correction recorded separately.
2024-03-28,RELAXO,RELAXO,EXCLUDE,2024-02-28,https://www.niftyindices.com/Press_Release/ind_prs28022024.pdf,Semi-annual Nifty 500 review; IREDA/VGUARD correction recorded separately.
2024-03-28,ROSSARI,ROSSARI,EXCLUDE,2024-02-28,https://www.niftyindices.com/Press_Release/ind_prs28022024.pdf,Semi-annual Nifty 500 review; IREDA/VGUARD correction recorded separately.
2024-03-28,SFL,SFL,EXCLUDE,2024-02-28,https://www.niftyindices.com/Press_Release/ind_prs28022024.pdf,Semi-annual Nifty 500 review; IREDA/VGUARD correction recorded separately.
2024-03-28,SHARDACROP,SHARDACROP,EXCLUDE,2024-02-28,https://www.niftyindices.com/Press_Release/ind_prs28022024.pdf,Semi-annual Nifty 500 review; IREDA/VGUARD correction recorded separately.
2024-03-28,SHOPERSTOP,SHOPERSTOP,EXCLUDE,2024-02-28,https://www.niftyindices.com/Press_Release/ind_prs28022024.pdf,Semi-annual Nifty 500 review; IREDA/VGUARD correction recorded separately.
2024-03-28,SUPRAJIT,SUPRAJIT,EXCLUDE,2024-02-28,https://www.niftyindices.com/Press_Release/ind_prs28022024.pdf,Semi-annual Nifty 500 review; IREDA/VGUARD correction recorded separately.
2024-03-28,SYMPHONY,SYMPHONY,EXCLUDE,2024-02-28,https://www.niftyindices.com/Press_Release/ind_prs28022024.pdf,Semi-annual Nifty 500 review; IREDA/VGUARD correction recorded separately.
2024-03-28,TEAMLEASE,TEAMLEASE,EXCLUDE,2024-02-28,https://www.niftyindices.com/Press_Release/ind_prs28022024.pdf,Semi-annual Nifty 500 review; IREDA/VGUARD correction recorded separately.
2024-03-28,TTKPRESTIG,TTKPRESTIG,EXCLUDE,2024-02-28,https://www.niftyindices.com/Press_Release/ind_prs28022024.pdf,Semi-annual Nifty 500 review; IREDA/VGUARD correction recorded separately.
2024-03-28,VINATIORGA,VINATIORGA,EXCLUDE,2024-02-28,https://www.niftyindices.com/Press_Release/ind_prs28022024.pdf,Semi-annual Nifty 500 review; IREDA/VGUARD correction recorded separately.
2024-03-28,VMART,VMART,EXCLUDE,2024-02-28,https://www.niftyindices.com/Press_Release/ind_prs28022024.pdf,Semi-annual Nifty 500 review; IREDA/VGUARD correction recorded separately.
2024-03-28,ZYDUSWELL,ZYDUSWELL,EXCLUDE,2024-02-28,https://www.niftyindices.com/Press_Release/ind_prs28022024.pdf,Semi-annual Nifty 500 review; IREDA/VGUARD correction recorded separately.
2024-03-28,VGUARD,VGUARD,EXCLUSION_REVOKED,2024-03-19,https://www.niftyindices.com/Press_Release/ind_prs19032024.pdf,Exclusion revoked by the correction release; V-Guard remains a member.
2024-03-28,ACE,ACE,INCLUDE,2024-02-28,https://www.niftyindices.com/Press_Release/ind_prs28022024.pdf,Semi-annual Nifty 500 review; IREDA/VGUARD correction recorded separately.
2024-03-28,ANANDRATHI,ANANDRATHI,INCLUDE,2024-02-28,https://www.niftyindices.com/Press_Release/ind_prs28022024.pdf,Semi-annual Nifty 500 review; IREDA/VGUARD correction recorded separately.
2024-03-28,ASTRAZEN,ASTRAZEN,INCLUDE,2024-02-28,https://www.niftyindices.com/Press_Release/ind_prs28022024.pdf,Semi-annual Nifty 500 review; IREDA/VGUARD correction recorded separately.
2024-03-28,CAPLIPOINT,CAPLIPOINT,INCLUDE,2024-02-28,https://www.niftyindices.com/Press_Release/ind_prs28022024.pdf,Semi-annual Nifty 500 review; IREDA/VGUARD correction recorded separately.
2024-03-28,CELLO,CELLO,INCLUDE,2024-02-28,https://www.niftyindices.com/Press_Release/ind_prs28022024.pdf,Semi-annual Nifty 500 review; IREDA/VGUARD correction recorded separately.
2024-03-28,CHENNPETRO,CHENNPETRO,INCLUDE,2024-02-28,https://www.niftyindices.com/Press_Release/ind_prs28022024.pdf,Semi-annual Nifty 500 review; IREDA/VGUARD correction recorded separately.
2024-03-28,DOMS,DOMS,INCLUDE,2024-02-28,https://www.niftyindices.com/Press_Release/ind_prs28022024.pdf,Semi-annual Nifty 500 review; IREDA/VGUARD correction recorded separately.
2024-03-28,ELECON,ELECON,INCLUDE,2024-02-28,https://www.niftyindices.com/Press_Release/ind_prs28022024.pdf,Semi-annual Nifty 500 review; IREDA/VGUARD correction recorded separately.
2024-03-28,GMDCLTD,GMDCLTD,INCLUDE,2024-02-28,https://www.niftyindices.com/Press_Release/ind_prs28022024.pdf,Semi-annual Nifty 500 review; IREDA/VGUARD correction recorded separately.
2024-03-28,GRSE,GRSE,INCLUDE,2024-02-28,https://www.niftyindices.com/Press_Release/ind_prs28022024.pdf,Semi-annual Nifty 500 review; IREDA/VGUARD correction recorded separately.
2024-03-28,HAPPYFORGE,HAPPYFORGE,INCLUDE,2024-02-28,https://www.niftyindices.com/Press_Release/ind_prs28022024.pdf,Semi-annual Nifty 500 review; IREDA/VGUARD correction recorded separately.
2024-03-28,HBLPOWER,HBLENGINE,INCLUDE,2024-02-28,https://www.niftyindices.com/Press_Release/ind_prs28022024.pdf,Semi-annual Nifty 500 review; IREDA/VGUARD correction recorded separately.
2024-03-28,HONASA,HONASA,INCLUDE,2024-02-28,https://www.niftyindices.com/Press_Release/ind_prs28022024.pdf,Semi-annual Nifty 500 review; IREDA/VGUARD correction recorded separately.
2024-03-28,HSCL,HSCL,INCLUDE,2024-02-28,https://www.niftyindices.com/Press_Release/ind_prs28022024.pdf,Semi-annual Nifty 500 review; IREDA/VGUARD correction recorded separately.
2024-03-28,INOXWIND,INOXWIND,INCLUDE,2024-02-28,https://www.niftyindices.com/Press_Release/ind_prs28022024.pdf,Semi-annual Nifty 500 review; IREDA/VGUARD correction recorded separately.
2024-03-28,J&KBANK,J&KBANK,INCLUDE,2024-02-28,https://www.niftyindices.com/Press_Release/ind_prs28022024.pdf,Semi-annual Nifty 500 review; IREDA/VGUARD correction recorded separately.
2024-03-28,JAIBALAJI,JAIBALAJI,INCLUDE,2024-02-28,https://www.niftyindices.com/Press_Release/ind_prs28022024.pdf,Semi-annual Nifty 500 review; IREDA/VGUARD correction recorded separately.
2024-03-28,JIOFIN,JIOFIN,INCLUDE,2024-02-28,https://www.niftyindices.com/Press_Release/ind_prs28022024.pdf,Semi-annual Nifty 500 review; IREDA/VGUARD correction recorded separately.
2024-03-28,JSWINFRA,JSWINFRA,INCLUDE,2024-02-28,https://www.niftyindices.com/Press_Release/ind_prs28022024.pdf,Semi-annual Nifty 500 review; IREDA/VGUARD correction recorded separately.
2024-03-28,JWL,JWL,INCLUDE,2024-02-28,https://www.niftyindices.com/Press_Release/ind_prs28022024.pdf,Semi-annual Nifty 500 review; IREDA/VGUARD correction recorded separately.
2024-03-28,LLOYDSME,LLOYDSME,INCLUDE,2024-02-28,https://www.niftyindices.com/Press_Release/ind_prs28022024.pdf,Semi-annual Nifty 500 review; IREDA/VGUARD correction recorded separately.
2024-03-28,MAHSEAMLES,MAHSEAMLES,INCLUDE,2024-02-28,https://www.niftyindices.com/Press_Release/ind_prs28022024.pdf,Semi-annual Nifty 500 review; IREDA/VGUARD correction recorded separately.
2024-03-28,NUVAMA,NUVAMA,INCLUDE,2024-02-28,https://www.niftyindices.com/Press_Release/ind_prs28022024.pdf,Semi-annual Nifty 500 review; IREDA/VGUARD correction recorded separately.
2024-03-28,RAILTEL,RAILTEL,INCLUDE,2024-02-28,https://www.niftyindices.com/Press_Release/ind_prs28022024.pdf,Semi-annual Nifty 500 review; IREDA/VGUARD correction recorded separately.
2024-03-28,RKFORGE,RKFORGE,INCLUDE,2024-02-28,https://www.niftyindices.com/Press_Release/ind_prs28022024.pdf,Semi-annual Nifty 500 review; IREDA/VGUARD correction recorded separately.
2024-03-28,RRKABEL,RRKABEL,INCLUDE,2024-02-28,https://www.niftyindices.com/Press_Release/ind_prs28022024.pdf,Semi-annual Nifty 500 review; IREDA/VGUARD correction recorded separately.
2024-03-28,SBFC,SBFC,INCLUDE,2024-02-28,https://www.niftyindices.com/Press_Release/ind_prs28022024.pdf,Semi-annual Nifty 500 review; IREDA/VGUARD correction recorded separately.
2024-03-28,SCHNEIDER,SCHNEIDER,INCLUDE,2024-02-28,https://www.niftyindices.com/Press_Release/ind_prs28022024.pdf,Semi-annual Nifty 500 review; IREDA/VGUARD correction recorded separately.
2024-03-28,SIGNATURE,SIGNATURE,INCLUDE,2024-02-28,https://www.niftyindices.com/Press_Release/ind_prs28022024.pdf,Semi-annual Nifty 500 review; IREDA/VGUARD correction recorded separately.
2024-03-28,TATATECH,TATATECH,INCLUDE,2024-02-28,https://www.niftyindices.com/Press_Release/ind_prs28022024.pdf,Semi-annual Nifty 500 review; IREDA/VGUARD correction recorded separately.
2024-03-28,TITAGARH,TITAGARH,INCLUDE,2024-02-28,https://www.niftyindices.com/Press_Release/ind_prs28022024.pdf,Semi-annual Nifty 500 review; IREDA/VGUARD correction recorded separately.
2024-03-28,TMB,TMB,INCLUDE,2024-02-28,https://www.niftyindices.com/Press_Release/ind_prs28022024.pdf,Semi-annual Nifty 500 review; IREDA/VGUARD correction recorded separately.
2024-03-28,TVSSCS,TVSSCS,INCLUDE,2024-02-28,https://www.niftyindices.com/Press_Release/ind_prs28022024.pdf,Semi-annual Nifty 500 review; IREDA/VGUARD correction recorded separately.
2024-03-28,IREDA,IREDA,INCLUSION_REVOKED,2024-03-19,https://www.niftyindices.com/Press_Release/ind_prs19032024.pdf,Inclusion revoked by the correction release; IREDA remains excluded until the later inclusion.
2024-06-13,DUMMYSANOF,DUMMYSANOF,INCLUDE,2024-06-07,https://www.niftyindices.com/Press_Release/ind_prs07062024_2.pdf,Sanofi demerger dummy constituent.
2024-07-11,DUMMYRAYMD,DUMMYRAYMD,INCLUDE,2024-07-05,https://www.niftyindices.com/Press_Release/ind_prs05072024.pdf,Raymond lifestyle demerger dummy constituent.
2024-08-30,TATAMTRDVR,TATAMTRDVR,EXCLUDE,2024-08-23,https://www.niftyindices.com/Press_Release/ind_prs23082024_1.pdf,Tata Motors DVR cancellation.
2024-09-17,DUMMYRAYMD,DUMMYRAYMD,EXCLUDE,2024-09-13,https://www.niftyindices.com/Press_Release/ind_prs13092024.pdf,Raymond Lifestyle exclusion after listing price-band test.
2024-09-23,DUMMYSANOF,DUMMYSANOF,EXCLUDE,2024-09-19,https://www.niftyindices.com/Press_Release/ind_prs19092024.pdf,Sanofi Consumer Healthcare exclusion after listing price-band test.
2024-09-30,AETHER,AETHER,EXCLUDE,2024-08-23,https://www.niftyindices.com/Press_Release/ind_prs23082024.pdf,Semi-annual Nifty 500 review; September correction recorded separately.
2024-09-30,ALLCARGO,ALLCARGO,EXCLUDE,2024-08-23,https://www.niftyindices.com/Press_Release/ind_prs23082024.pdf,Semi-annual Nifty 500 review; September correction recorded separately.
2024-09-30,ANURAS,ANURAS,EXCLUDE,2024-08-23,https://www.niftyindices.com/Press_Release/ind_prs23082024.pdf,Semi-annual Nifty 500 review; September correction recorded separately.
2024-09-30,BORORENEW,BORORENEW,EXCLUDE,2024-08-23,https://www.niftyindices.com/Press_Release/ind_prs23082024.pdf,Semi-annual Nifty 500 review; September correction recorded separately.
2024-09-30,CSBBANK,CSBBANK,EXCLUDE,2024-08-23,https://www.niftyindices.com/Press_Release/ind_prs23082024.pdf,Semi-annual Nifty 500 review; September correction recorded separately.
2024-09-30,DCMSHRIRAM,DCMSHRIRAM,EXCLUDE,2024-08-23,https://www.niftyindices.com/Press_Release/ind_prs23082024.pdf,Semi-annual Nifty 500 review; September correction recorded separately.
2024-09-30,EPL,EPL,EXCLUDE,2024-08-23,https://www.niftyindices.com/Press_Release/ind_prs23082024.pdf,Semi-annual Nifty 500 review; September correction recorded separately.
2024-09-30,FDC,FDC,EXCLUDE,2024-08-23,https://www.niftyindices.com/Press_Release/ind_prs23082024.pdf,Semi-annual Nifty 500 review; September correction recorded separately.
2024-09-30,GLS,GLS,EXCLUDE,2024-08-23,https://www.niftyindices.com/Press_Release/ind_prs23082024.pdf,Semi-annual Nifty 500 review; September correction recorded separately.
2024-09-30,GMMPFAUDLR,GMMPFAUDLR,EXCLUDE,2024-08-23,https://www.niftyindices.com/Press_Release/ind_prs23082024.pdf,Semi-annual Nifty 500 review; September correction recorded separately.
2024-09-30,HAPPYFORGE,HAPPYFORGE,EXCLUDE,2024-08-23,https://www.niftyindices.com/Press_Release/ind_prs23082024.pdf,Semi-annual Nifty 500 review; September correction recorded separately.
2024-09-30,INDIGOPNTS,INDIGOPNTS,EXCLUDE,2024-08-23,https://www.niftyindices.com/Press_Release/ind_prs23082024.pdf,Semi-annual Nifty 500 review; September correction recorded separately.
2024-09-30,JAIBALAJI,JAIBALAJI,EXCLUDE,2024-08-23,https://www.niftyindices.com/Press_Release/ind_prs23082024.pdf,Semi-annual Nifty 500 review; September correction recorded separately.
2024-09-30,JKPAPER,JKPAPER,EXCLUDE,2024-08-23,https://www.niftyindices.com/Press_Release/ind_prs23082024.pdf,Semi-annual Nifty 500 review; September correction recorded separately.
2024-09-30,KRBL,KRBL,EXCLUDE,2024-08-23,https://www.niftyindices.com/Press_Release/ind_prs23082024.pdf,Semi-annual Nifty 500 review; September correction recorded separately.
2024-09-30,LXCHEM,LXCHEM,EXCLUDE,2024-08-23,https://www.niftyindices.com/Press_Release/ind_prs23082024.pdf,Semi-annual Nifty 500 review; September correction recorded separately.
2024-09-30,MEDPLUS,MEDPLUS,EXCLUDE,2024-08-23,https://www.niftyindices.com/Press_Release/ind_prs23082024.pdf,Semi-annual Nifty 500 review; September correction recorded separately.
2024-09-30,MHRIL,MHRIL,EXCLUDE,2024-08-23,https://www.niftyindices.com/Press_Release/ind_prs23082024.pdf,Semi-annual Nifty 500 review; September correction recorded separately.
2024-09-30,MTARTECH,MTARTECH,EXCLUDE,2024-08-23,https://www.niftyindices.com/Press_Release/ind_prs23082024.pdf,Semi-annual Nifty 500 review; September correction recorded separately.
2024-09-30,PRINCEPIPE,PRINCEPIPE,EXCLUDE,2024-08-23,https://www.niftyindices.com/Press_Release/ind_prs23082024.pdf,Semi-annual Nifty 500 review; September correction recorded separately.
2024-09-30,PRSMJOHNSN,PRSMJOHNSN,EXCLUDE,2024-08-23,https://www.niftyindices.com/Press_Release/ind_prs23082024.pdf,Semi-annual Nifty 500 review; September correction recorded separately.
2024-09-30,RBA,RBA,EXCLUDE,2024-08-23,https://www.niftyindices.com/Press_Release/ind_prs23082024.pdf,Semi-annual Nifty 500 review; September correction recorded separately.
2024-09-30,SAFARI,SAFARI,EXCLUDE,2024-08-23,https://www.niftyindices.com/Press_Release/ind_prs23082024.pdf,Semi-annual Nifty 500 review; September correction recorded separately.
2024-09-30,STLTECH,STLTECH,EXCLUDE,2024-08-23,https://www.niftyindices.com/Press_Release/ind_prs23082024.pdf,Semi-annual Nifty 500 review; September correction recorded separately.
2024-09-30,SUNTECK,SUNTECK,EXCLUDE,2024-08-23,https://www.niftyindices.com/Press_Release/ind_prs23082024.pdf,Semi-annual Nifty 500 review; September correction recorded separately.
2024-09-30,TMB,TMB,EXCLUDE,2024-08-23,https://www.niftyindices.com/Press_Release/ind_prs23082024.pdf,Semi-annual Nifty 500 review; September correction recorded separately.
2024-09-30,VAIBHAVGBL,VAIBHAVGBL,EXCLUDE,2024-08-23,https://www.niftyindices.com/Press_Release/ind_prs23082024.pdf,Semi-annual Nifty 500 review; September correction recorded separately.
2024-09-30,IDEA,IDEA,EXCLUSION_REVOKED,2024-09-25,https://www.niftyindices.com/Press_Release/ind_prs25092024.pdf,Exclusion revoked by the correction release; Vodafone Idea remains a member.
2024-09-30,AADHARHFC,AADHARHFC,INCLUDE,2024-08-23,https://www.niftyindices.com/Press_Release/ind_prs23082024.pdf,Semi-annual Nifty 500 review; September correction recorded separately.
2024-09-30,ABSLAMC,ABSLAMC,INCLUDE,2024-08-23,https://www.niftyindices.com/Press_Release/ind_prs23082024.pdf,Semi-annual Nifty 500 review; September correction recorded separately.
2024-09-30,ANANTRAJ,ANANTRAJ,INCLUDE,2024-08-23,https://www.niftyindices.com/Press_Release/ind_prs23082024.pdf,Semi-annual Nifty 500 review; September correction recorded separately.
2024-09-30,BASF,BASF,INCLUDE,2024-08-23,https://www.niftyindices.com/Press_Release/ind_prs23082024.pdf,Semi-annual Nifty 500 review; September correction recorded separately.
2024-09-30,BHARTIHEXA,BHARTIHEXA,INCLUDE,2024-08-23,https://www.niftyindices.com/Press_Release/ind_prs23082024.pdf,Semi-annual Nifty 500 review; September correction recorded separately.
2024-09-30,DBREALTY,DBREALTY,INCLUDE,2024-08-23,https://www.niftyindices.com/Press_Release/ind_prs23082024.pdf,Semi-annual Nifty 500 review; September correction recorded separately.
2024-09-30,GET&D,GVT&D,INCLUDE,2024-08-23,https://www.niftyindices.com/Press_Release/ind_prs23082024.pdf,Semi-annual Nifty 500 review; September correction recorded separately.
2024-09-30,GODIGIT,GODIGIT,INCLUDE,2024-08-23,https://www.niftyindices.com/Press_Release/ind_prs23082024.pdf,Semi-annual Nifty 500 review; September correction recorded separately.
2024-09-30,GODREJAGRO,GODREJAGRO,INCLUDE,2024-08-23,https://www.niftyindices.com/Press_Release/ind_prs23082024.pdf,Semi-annual Nifty 500 review; September correction recorded separately.
2024-09-30,GRINFRA,GRINFRA,INCLUDE,2024-08-23,https://www.niftyindices.com/Press_Release/ind_prs23082024.pdf,Semi-annual Nifty 500 review; September correction recorded separately.
2024-09-30,IFCI,IFCI,INCLUDE,2024-08-23,https://www.niftyindices.com/Press_Release/ind_prs23082024.pdf,Semi-annual Nifty 500 review; September correction recorded separately.
2024-09-30,INDGN,INDGN,INCLUDE,2024-08-23,https://www.niftyindices.com/Press_Release/ind_prs23082024.pdf,Semi-annual Nifty 500 review; September correction recorded separately.
2024-09-30,INOXINDIA,INOXINDIA,INCLUDE,2024-08-23,https://www.niftyindices.com/Press_Release/ind_prs23082024.pdf,Semi-annual Nifty 500 review; September correction recorded separately.
2024-09-30,IREDA,IREDA,INCLUDE,2024-08-23,https://www.niftyindices.com/Press_Release/ind_prs23082024.pdf,Semi-annual Nifty 500 review; September correction recorded separately.
2024-09-30,JKTYRE,JKTYRE,INCLUDE,2024-08-23,https://www.niftyindices.com/Press_Release/ind_prs23082024.pdf,Semi-annual Nifty 500 review; September correction recorded separately.
2024-09-30,JPPOWER,JPPOWER,INCLUDE,2024-08-23,https://www.niftyindices.com/Press_Release/ind_prs23082024.pdf,Semi-annual Nifty 500 review; September correction recorded separately.
2024-09-30,JYOTICNC,JYOTICNC,INCLUDE,2024-08-23,https://www.niftyindices.com/Press_Release/ind_prs23082024.pdf,Semi-annual Nifty 500 review; September correction recorded separately.
2024-09-30,KIRLOSBROS,KIRLOSBROS,INCLUDE,2024-08-23,https://www.niftyindices.com/Press_Release/ind_prs23082024.pdf,Semi-annual Nifty 500 review; September correction recorded separately.
2024-09-30,KIRLOSENG,KIRLOSENG,INCLUDE,2024-08-23,https://www.niftyindices.com/Press_Release/ind_prs23082024.pdf,Semi-annual Nifty 500 review; September correction recorded separately.
2024-09-30,NETWEB,NETWEB,INCLUDE,2024-08-23,https://www.niftyindices.com/Press_Release/ind_prs23082024.pdf,Semi-annual Nifty 500 review; September correction recorded separately.
2024-09-30,NEWGEN,NEWGEN,INCLUDE,2024-08-23,https://www.niftyindices.com/Press_Release/ind_prs23082024.pdf,Semi-annual Nifty 500 review; September correction recorded separately.
2024-09-30,PFIZER,PFIZER,INCLUDE,2024-08-23,https://www.niftyindices.com/Press_Release/ind_prs23082024.pdf,Semi-annual Nifty 500 review; September correction recorded separately.
2024-09-30,PTCIL,PTCIL,INCLUDE,2024-08-23,https://www.niftyindices.com/Press_Release/ind_prs23082024.pdf,Semi-annual Nifty 500 review; September correction recorded separately.
2024-09-30,SCI,SCI,INCLUDE,2024-08-23,https://www.niftyindices.com/Press_Release/ind_prs23082024.pdf,Semi-annual Nifty 500 review; September correction recorded separately.
2024-09-30,TBOTEK,TBOTEK,INCLUDE,2024-08-23,https://www.niftyindices.com/Press_Release/ind_prs23082024.pdf,Semi-annual Nifty 500 review; September correction recorded separately.
2024-09-30,TECHNOE,TECHNOE,INCLUDE,2024-08-23,https://www.niftyindices.com/Press_Release/ind_prs23082024.pdf,Semi-annual Nifty 500 review; September correction recorded separately.
2024-09-30,VINATIORGA,VINATIORGA,INCLUDE,2024-08-23,https://www.niftyindices.com/Press_Release/ind_prs23082024.pdf,Semi-annual Nifty 500 review; September correction recorded separately.
2024-10-10,IDFC,IDFC,EXCLUDE,2024-10-04,https://www.niftyindices.com/Press_Release/ind_prs04102024.pdf,IDFC amalgamation.
2024-10-10,EMCURE,EMCURE,INCLUDE,2024-10-04,https://www.niftyindices.com/Press_Release/ind_prs04102024.pdf,IDFC amalgamation.
2024-10-16,TV18BRDCST,TV18BRDCST,EXCLUDE,2024-10-10,https://www.niftyindices.com/Press_Release/ind_prs10102024.pdf,TV18 Broadcast amalgamation.
2024-10-16,AKUMS,AKUMS,INCLUDE,2024-10-10,https://www.niftyindices.com/Press_Release/ind_prs10102024.pdf,TV18 Broadcast amalgamation.
2025-01-06,DUMMYITC,DUMMYITC,INCLUDE,2024-12-30,https://www.niftyindices.com/Press_Release/ind_prs30122024.pdf,ITC Hotels demerger dummy constituent.
2025-02-10,DUMMYITC,DUMMYITC,EXCLUDE,2025-02-06,https://www.niftyindices.com/Press_Release/ind_prs06022025_1.pdf,ITC Hotels exclusion after listing price-band test; dummy interval is audited in membership data.
2025-03-21,ISEC,ISEC,EXCLUDE,2025-03-17,https://www.niftyindices.com/Press_Release/ind_prs17032025.pdf,ICICI Securities suspension replacement.
2025-03-21,RAYMONDLSL,RAYMONDLSL,INCLUDE,2025-03-17,https://www.niftyindices.com/Press_Release/ind_prs17032025.pdf,ICICI Securities suspension replacement.
2025-03-28,ACI,ACI,EXCLUDE,2025-02-21,https://www.niftyindices.com/Press_Release/ind_prs21022025.pdf,Semi-annual Nifty 500 review.
2025-03-28,AVANTIFEED,AVANTIFEED,EXCLUDE,2025-02-21,https://www.niftyindices.com/Press_Release/ind_prs21022025.pdf,Semi-annual Nifty 500 review.
2025-03-28,BALAMINES,BALAMINES,EXCLUDE,2025-02-21,https://www.niftyindices.com/Press_Release/ind_prs21022025.pdf,Semi-annual Nifty 500 review.
2025-03-28,BIRLACORPN,BIRLACORPN,EXCLUDE,2025-02-21,https://www.niftyindices.com/Press_Release/ind_prs21022025.pdf,Semi-annual Nifty 500 review.
2025-03-28,CELLO,CELLO,EXCLUDE,2025-02-21,https://www.niftyindices.com/Press_Release/ind_prs21022025.pdf,Semi-annual Nifty 500 review.
2025-03-28,CHEMPLASTS,CHEMPLASTS,EXCLUDE,2025-02-21,https://www.niftyindices.com/Press_Release/ind_prs21022025.pdf,Semi-annual Nifty 500 review.
2025-03-28,CIEINDIA,CIEINDIA,EXCLUDE,2025-02-21,https://www.niftyindices.com/Press_Release/ind_prs21022025.pdf,Semi-annual Nifty 500 review.
2025-03-28,EASEMYTRIP,EASEMYTRIP,EXCLUDE,2025-02-21,https://www.niftyindices.com/Press_Release/ind_prs21022025.pdf,Semi-annual Nifty 500 review.
2025-03-28,EQUITASBNK,EQUITASBNK,EXCLUDE,2025-02-21,https://www.niftyindices.com/Press_Release/ind_prs21022025.pdf,Semi-annual Nifty 500 review.
2025-03-28,FINEORG,FINEORG,EXCLUDE,2025-02-21,https://www.niftyindices.com/Press_Release/ind_prs21022025.pdf,Semi-annual Nifty 500 review.
2025-03-28,GAEL,GAEL,EXCLUDE,2025-02-21,https://www.niftyindices.com/Press_Release/ind_prs21022025.pdf,Semi-annual Nifty 500 review.
2025-03-28,GRINDWELL,GRINDWELL,EXCLUDE,2025-02-21,https://www.niftyindices.com/Press_Release/ind_prs21022025.pdf,Semi-annual Nifty 500 review.
2025-03-28,GRINFRA,GRINFRA,EXCLUDE,2025-02-21,https://www.niftyindices.com/Press_Release/ind_prs21022025.pdf,Semi-annual Nifty 500 review.
2025-03-28,GSFC,GSFC,EXCLUDE,2025-02-21,https://www.niftyindices.com/Press_Release/ind_prs21022025.pdf,Semi-annual Nifty 500 review.
2025-03-28,JKLAKSHMI,JKLAKSHMI,EXCLUDE,2025-02-21,https://www.niftyindices.com/Press_Release/ind_prs21022025.pdf,Semi-annual Nifty 500 review.
2025-03-28,KSB,KSB,EXCLUDE,2025-02-21,https://www.niftyindices.com/Press_Release/ind_prs21022025.pdf,Semi-annual Nifty 500 review.
2025-03-28,MAHLIFE,MAHLIFE,EXCLUDE,2025-02-21,https://www.niftyindices.com/Press_Release/ind_prs21022025.pdf,Semi-annual Nifty 500 review.
2025-03-28,METROBRAND,METROBRAND,EXCLUDE,2025-02-21,https://www.niftyindices.com/Press_Release/ind_prs21022025.pdf,Semi-annual Nifty 500 review.
2025-03-28,NUVOCO,NUVOCO,EXCLUDE,2025-02-21,https://www.niftyindices.com/Press_Release/ind_prs21022025.pdf,Semi-annual Nifty 500 review.
2025-03-28,PGHH,PGHH,EXCLUDE,2025-02-21,https://www.niftyindices.com/Press_Release/ind_prs21022025.pdf,Semi-annual Nifty 500 review.
2025-03-28,RAJESHEXPO,RAJESHEXPO,EXCLUDE,2025-02-21,https://www.niftyindices.com/Press_Release/ind_prs21022025.pdf,Semi-annual Nifty 500 review.
2025-03-28,RATNAMANI,RATNAMANI,EXCLUDE,2025-02-21,https://www.niftyindices.com/Press_Release/ind_prs21022025.pdf,Semi-annual Nifty 500 review.
2025-03-28,SANOFI,SANOFI,EXCLUDE,2025-02-21,https://www.niftyindices.com/Press_Release/ind_prs21022025.pdf,Semi-annual Nifty 500 review.
2025-03-28,SPARC,SPARC,EXCLUDE,2025-02-21,https://www.niftyindices.com/Press_Release/ind_prs21022025.pdf,Semi-annual Nifty 500 review.
2025-03-28,SUNDRMFAST,SUNDRMFAST,EXCLUDE,2025-02-21,https://www.niftyindices.com/Press_Release/ind_prs21022025.pdf,Semi-annual Nifty 500 review.
2025-03-28,TVSSCS,TVSSCS,EXCLUDE,2025-02-21,https://www.niftyindices.com/Press_Release/ind_prs21022025.pdf,Semi-annual Nifty 500 review.
2025-03-28,UJJIVANSFB,UJJIVANSFB,EXCLUDE,2025-02-21,https://www.niftyindices.com/Press_Release/ind_prs21022025.pdf,Semi-annual Nifty 500 review.
2025-03-28,VARROC,VARROC,EXCLUDE,2025-02-21,https://www.niftyindices.com/Press_Release/ind_prs21022025.pdf,Semi-annual Nifty 500 review.
2025-03-28,VINATIORGA,VINATIORGA,EXCLUDE,2025-02-21,https://www.niftyindices.com/Press_Release/ind_prs21022025.pdf,Semi-annual Nifty 500 review.
2025-03-28,VIPIND,VIPIND,EXCLUDE,2025-02-21,https://www.niftyindices.com/Press_Release/ind_prs21022025.pdf,Semi-annual Nifty 500 review.
2025-03-28,ACMESOLAR,ACMESOLAR,INCLUDE,2025-02-21,https://www.niftyindices.com/Press_Release/ind_prs21022025.pdf,Semi-annual Nifty 500 review.
2025-03-28,AFCONS,AFCONS,INCLUDE,2025-02-21,https://www.niftyindices.com/Press_Release/ind_prs21022025.pdf,Semi-annual Nifty 500 review.
2025-03-28,AIIL,AIIL,INCLUDE,2025-02-21,https://www.niftyindices.com/Press_Release/ind_prs21022025.pdf,Semi-annual Nifty 500 review.
2025-03-28,ALIVUS,ALIVUS,INCLUDE,2025-02-21,https://www.niftyindices.com/Press_Release/ind_prs21022025.pdf,Semi-annual Nifty 500 review.
2025-03-28,BAJAJHFL,BAJAJHFL,INCLUDE,2025-02-21,https://www.niftyindices.com/Press_Release/ind_prs21022025.pdf,Semi-annual Nifty 500 review.
2025-03-28,DCMSHRIRAM,DCMSHRIRAM,INCLUDE,2025-02-21,https://www.niftyindices.com/Press_Release/ind_prs21022025.pdf,Semi-annual Nifty 500 review.
2025-03-28,FIRSTCRY,FIRSTCRY,INCLUDE,2025-02-21,https://www.niftyindices.com/Press_Release/ind_prs21022025.pdf,Semi-annual Nifty 500 review.
2025-03-28,GRAVITA,GRAVITA,INCLUDE,2025-02-21,https://www.niftyindices.com/Press_Release/ind_prs21022025.pdf,Semi-annual Nifty 500 review.
2025-03-28,HYUNDAI,HYUNDAI,INCLUDE,2025-02-21,https://www.niftyindices.com/Press_Release/ind_prs21022025.pdf,Semi-annual Nifty 500 review.
2025-03-28,IGIL,IGIL,INCLUDE,2025-02-21,https://www.niftyindices.com/Press_Release/ind_prs21022025.pdf,Semi-annual Nifty 500 review.
2025-03-28,IKS,IKS,INCLUDE,2025-02-21,https://www.niftyindices.com/Press_Release/ind_prs21022025.pdf,Semi-annual Nifty 500 review.
2025-03-28,JSWHL,JSWHL,INCLUDE,2025-02-21,https://www.niftyindices.com/Press_Release/ind_prs21022025.pdf,Semi-annual Nifty 500 review.
2025-03-28,LTFOODS,LTFOODS,INCLUDE,2025-02-21,https://www.niftyindices.com/Press_Release/ind_prs21022025.pdf,Semi-annual Nifty 500 review.
2025-03-28,NAVA,NAVA,INCLUDE,2025-02-21,https://www.niftyindices.com/Press_Release/ind_prs21022025.pdf,Semi-annual Nifty 500 review.
2025-03-28,NEULANDLAB,NEULANDLAB,INCLUDE,2025-02-21,https://www.niftyindices.com/Press_Release/ind_prs21022025.pdf,Semi-annual Nifty 500 review.
2025-03-28,NIVABUPA,NIVABUPA,INCLUDE,2025-02-21,https://www.niftyindices.com/Press_Release/ind_prs21022025.pdf,Semi-annual Nifty 500 review.
2025-03-28,NTPCGREEN,NTPCGREEN,INCLUDE,2025-02-21,https://www.niftyindices.com/Press_Release/ind_prs21022025.pdf,Semi-annual Nifty 500 review.
2025-03-28,OLAELEC,OLAELEC,INCLUDE,2025-02-21,https://www.niftyindices.com/Press_Release/ind_prs21022025.pdf,Semi-annual Nifty 500 review.
2025-03-28,PGEL,PGEL,INCLUDE,2025-02-21,https://www.niftyindices.com/Press_Release/ind_prs21022025.pdf,Semi-annual Nifty 500 review.
2025-03-28,PREMIERENE,PREMIERENE,INCLUDE,2025-02-21,https://www.niftyindices.com/Press_Release/ind_prs21022025.pdf,Semi-annual Nifty 500 review.
2025-03-28,RPOWER,RPOWER,INCLUDE,2025-02-21,https://www.niftyindices.com/Press_Release/ind_prs21022025.pdf,Semi-annual Nifty 500 review.
2025-03-28,SAGILITY,SAGILITY,INCLUDE,2025-02-21,https://www.niftyindices.com/Press_Release/ind_prs21022025.pdf,Semi-annual Nifty 500 review.
2025-03-28,SAILIFE,SAILIFE,INCLUDE,2025-02-21,https://www.niftyindices.com/Press_Release/ind_prs21022025.pdf,Semi-annual Nifty 500 review.
2025-03-28,SARDAEN,SARDAEN,INCLUDE,2025-02-21,https://www.niftyindices.com/Press_Release/ind_prs21022025.pdf,Semi-annual Nifty 500 review.
2025-03-28,SWIGGY,SWIGGY,INCLUDE,2025-02-21,https://www.niftyindices.com/Press_Release/ind_prs21022025.pdf,Semi-annual Nifty 500 review.
2025-03-28,TARIL,TARIL,INCLUDE,2025-02-21,https://www.niftyindices.com/Press_Release/ind_prs21022025.pdf,Semi-annual Nifty 500 review.
2025-03-28,VMM,VMM,INCLUDE,2025-02-21,https://www.niftyindices.com/Press_Release/ind_prs21022025.pdf,Semi-annual Nifty 500 review.
2025-03-28,WAAREEENER,WAAREEENER,INCLUDE,2025-02-21,https://www.niftyindices.com/Press_Release/ind_prs21022025.pdf,Semi-annual Nifty 500 review.
2025-03-28,WOCKPHARMA,WOCKPHARMA,INCLUDE,2025-02-21,https://www.niftyindices.com/Press_Release/ind_prs21022025.pdf,Semi-annual Nifty 500 review.
2025-03-28,ZENTEC,ZENTEC,INCLUDE,2025-02-21,https://www.niftyindices.com/Press_Release/ind_prs21022025.pdf,Semi-annual Nifty 500 review.
2025-04-07,DUMMYSIEMS,DUMMYSIEMS,INCLUDE,2025-04-02,https://www.niftyindices.com/Press_Release/ind_prs02042025.pdf,Siemens Energy demerger dummy constituent.
2025-04-11,QUESS,QUESS,EXCLUDE,2025-04-04,https://www.niftyindices.com/Press_Release/ind_prs04042025_2.pdf,Quess demerger replacement.
2025-04-11,SUNDRMFAST,SUNDRMFAST,INCLUDE,2025-04-04,https://www.niftyindices.com/Press_Release/ind_prs04042025_2.pdf,Quess demerger replacement.
2025-05-14,DUMMYRAYMN,DUMMYRAYMN,INCLUDE,2025-05-09,https://www.niftyindices.com/Press_Release/ind_prs09052025.pdf,Raymond Realty demerger dummy constituent.
2025-05-22,DUMMYABFRL,DUMMYABFRL,INCLUDE,2025-05-19,https://www.niftyindices.com/Press_Release/ind_prs19052025.pdf,Aditya Birla Lifestyle Brands demerger dummy constituent.
2025-06-27,DUMMYABFRL,DUMMYABFRL,EXCLUDE,2025-06-25,https://www.niftyindices.com/Press_Release/ind_prs25062025_2.pdf,Siemens Energy and Aditya Birla Lifestyle Brands exclusions after listing price-band tests.
2025-06-27,DUMMYSIEMS,DUMMYSIEMS,EXCLUDE,2025-06-25,https://www.niftyindices.com/Press_Release/ind_prs25062025_2.pdf,Siemens Energy and Aditya Birla Lifestyle Brands exclusions after listing price-band tests.
2025-07-10,DUMMYRAYMN,DUMMYRAYMN,EXCLUDE,2025-07-08,https://www.niftyindices.com/Press_Release/ind_prs08072025.pdf,Raymond Realty exclusion after listing price-band test.
2025-07-18,DUMMYDBRLT,DUMMYDBRLT,INCLUDE,2025-07-15,https://www.niftyindices.com/Press_Release/ind_prs15072025.pdf,Advent Hotels demerger dummy constituent.
2025-09-23,PEL,PEL,EXCLUDE,2025-09-15,https://www.niftyindices.com/Press_Release/ind_prs15092025_1.pdf,PEL to RELINFRA replacement.
2025-09-23,RELINFRA,RELINFRA,INCLUDE,2025-09-15,https://www.niftyindices.com/Press_Release/ind_prs15092025_1.pdf,PEL to RELINFRA replacement.
2025-09-30,ALIVUS,ALIVUS,EXCLUDE,2025-08-22,https://www.niftyindices.com/Press_Release/ind_prs22082025.pdf,Semi-annual Nifty 500 review; September correction recorded separately.
2025-09-30,GNFC,GNFC,EXCLUDE,2025-08-22,https://www.niftyindices.com/Press_Release/ind_prs22082025.pdf,Semi-annual Nifty 500 review; September correction recorded separately.
2025-09-30,GPPL,GPPL,EXCLUDE,2025-08-22,https://www.niftyindices.com/Press_Release/ind_prs22082025.pdf,Semi-annual Nifty 500 review; September correction recorded separately.
2025-09-30,JSWHL,JSWHL,EXCLUDE,2025-08-22,https://www.niftyindices.com/Press_Release/ind_prs22082025.pdf,Semi-annual Nifty 500 review; September correction recorded separately.
2025-09-30,JUSTDIAL,JUSTDIAL,EXCLUDE,2025-08-22,https://www.niftyindices.com/Press_Release/ind_prs22082025.pdf,Semi-annual Nifty 500 review; September correction recorded separately.
2025-09-30,KANSAINER,KANSAINER,EXCLUDE,2025-08-22,https://www.niftyindices.com/Press_Release/ind_prs22082025.pdf,Semi-annual Nifty 500 review; September correction recorded separately.
2025-09-30,KNRCON,KNRCON,EXCLUDE,2025-08-22,https://www.niftyindices.com/Press_Release/ind_prs22082025.pdf,Semi-annual Nifty 500 review; September correction recorded separately.
2025-09-30,MASTEK,MASTEK,EXCLUDE,2025-08-22,https://www.niftyindices.com/Press_Release/ind_prs22082025.pdf,Semi-annual Nifty 500 review; September correction recorded separately.
2025-09-30,NETWORK18,NETWORK18,EXCLUDE,2025-08-22,https://www.niftyindices.com/Press_Release/ind_prs22082025.pdf,Semi-annual Nifty 500 review; September correction recorded separately.
2025-09-30,PNCINFRA,PNCINFRA,EXCLUDE,2025-08-22,https://www.niftyindices.com/Press_Release/ind_prs22082025.pdf,Semi-annual Nifty 500 review; September correction recorded separately.
2025-09-30,RAYMOND,RAYMOND,EXCLUDE,2025-08-22,https://www.niftyindices.com/Press_Release/ind_prs22082025.pdf,Semi-annual Nifty 500 review; September correction recorded separately.
2025-09-30,RAYMONDLSL,RAYMONDLSL,EXCLUDE,2025-08-22,https://www.niftyindices.com/Press_Release/ind_prs22082025.pdf,Semi-annual Nifty 500 review; September correction recorded separately.
2025-09-30,RENUKA,RENUKA,EXCLUDE,2025-08-22,https://www.niftyindices.com/Press_Release/ind_prs22082025.pdf,Semi-annual Nifty 500 review; September correction recorded separately.
2025-09-30,ROUTE,ROUTE,EXCLUDE,2025-08-22,https://www.niftyindices.com/Press_Release/ind_prs22082025.pdf,Semi-annual Nifty 500 review; September correction recorded separately.
2025-09-30,RTNINDIA,RTNINDIA,EXCLUDE,2025-08-22,https://www.niftyindices.com/Press_Release/ind_prs22082025.pdf,Semi-annual Nifty 500 review; September correction recorded separately.
2025-09-30,SWSOLAR,SWSOLAR,EXCLUDE,2025-08-22,https://www.niftyindices.com/Press_Release/ind_prs22082025.pdf,Semi-annual Nifty 500 review; September correction recorded separately.
2025-09-30,TANLA,TANLA,EXCLUDE,2025-08-22,https://www.niftyindices.com/Press_Release/ind_prs22082025.pdf,Semi-annual Nifty 500 review; September correction recorded separately.
2025-09-30,WESTLIFE,WESTLIFE,EXCLUDE,2025-08-22,https://www.niftyindices.com/Press_Release/ind_prs22082025.pdf,Semi-annual Nifty 500 review; September correction recorded separately.
2025-09-30,ABLBL,ABLBL,INCLUDE,2025-08-22,https://www.niftyindices.com/Press_Release/ind_prs22082025.pdf,Semi-annual Nifty 500 review; September correction recorded separately.
2025-09-30,AEGISVOPAK,AEGISVOPAK,INCLUDE,2025-08-22,https://www.niftyindices.com/Press_Release/ind_prs22082025.pdf,Semi-annual Nifty 500 review; September correction recorded separately.
2025-09-30,AGARWALEYE,AGARWALEYE,INCLUDE,2025-08-22,https://www.niftyindices.com/Press_Release/ind_prs22082025.pdf,Semi-annual Nifty 500 review; September correction recorded separately.
2025-09-30,AKZOINDIA,JSWDULUX,INCLUDE,2025-08-22,https://www.niftyindices.com/Press_Release/ind_prs22082025.pdf,Semi-annual Nifty 500 review; September correction recorded separately.
2025-09-30,ATHERENERG,ATHERENERG,INCLUDE,2025-08-22,https://www.niftyindices.com/Press_Release/ind_prs22082025.pdf,Semi-annual Nifty 500 review; September correction recorded separately.
2025-09-30,BLUEJET,BLUEJET,INCLUDE,2025-08-22,https://www.niftyindices.com/Press_Release/ind_prs22082025.pdf,Semi-annual Nifty 500 review; September correction recorded separately.
2025-09-30,CHOICEIN,CHOICEIN,INCLUDE,2025-08-22,https://www.niftyindices.com/Press_Release/ind_prs22082025.pdf,Semi-annual Nifty 500 review; September correction recorded separately.
2025-09-30,ENRIN,ENRIN,INCLUDE,2025-08-22,https://www.niftyindices.com/Press_Release/ind_prs22082025.pdf,Semi-annual Nifty 500 review; September correction recorded separately.
2025-09-30,FORCEMOT,FORCEMOT,INCLUDE,2025-08-22,https://www.niftyindices.com/Press_Release/ind_prs22082025.pdf,Semi-annual Nifty 500 review; September correction recorded separately.
2025-09-30,HEXT,HEXT,INCLUDE,2025-08-22,https://www.niftyindices.com/Press_Release/ind_prs22082025.pdf,Semi-annual Nifty 500 review; September correction recorded separately.
2025-09-30,ITCHOTELS,ITCHOTELS,INCLUDE,2025-08-22,https://www.niftyindices.com/Press_Release/ind_prs22082025.pdf,Semi-annual Nifty 500 review; September correction recorded separately.
2025-09-30,KSB,KSB,INCLUDE,2025-08-22,https://www.niftyindices.com/Press_Release/ind_prs22082025.pdf,Semi-annual Nifty 500 review; September correction recorded separately.
2025-09-30,MAHSCOOTER,MAHSCOOTER,INCLUDE,2025-08-22,https://www.niftyindices.com/Press_Release/ind_prs22082025.pdf,Semi-annual Nifty 500 review; September correction recorded separately.
2025-09-30,NUVOCO,NUVOCO,INCLUDE,2025-08-22,https://www.niftyindices.com/Press_Release/ind_prs22082025.pdf,Semi-annual Nifty 500 review; September correction recorded separately.
2025-09-30,ONESOURCE,ONESOURCE,INCLUDE,2025-08-22,https://www.niftyindices.com/Press_Release/ind_prs22082025.pdf,Semi-annual Nifty 500 review; September correction recorded separately.
2025-09-30,PGHH,PGHH,INCLUDE,2025-08-22,https://www.niftyindices.com/Press_Release/ind_prs22082025.pdf,Semi-annual Nifty 500 review; September correction recorded separately.
2025-09-30,THELEELA,THELEELA,INCLUDE,2025-08-22,https://www.niftyindices.com/Press_Release/ind_prs22082025.pdf,Semi-annual Nifty 500 review; September correction recorded separately.
2025-09-30,VENTIVE,VENTIVE,INCLUDE,2025-08-22,https://www.niftyindices.com/Press_Release/ind_prs22082025.pdf,Semi-annual Nifty 500 review; September correction recorded separately.
2025-10-14,DUMMYTATAM,DUMMYTATAM,INCLUDE,2025-10-07,https://www.niftyindices.com/Press_Release/ind_prs07102025.pdf,Tata Motors commercial-vehicle demerger dummy constituent.
2025-10-15,DUMMYSKFIN,DUMMYSKFIN,INCLUDE,2025-10-10,https://www.niftyindices.com/Press_Release/ind_prs10102025.pdf,SKF India industrial demerger dummy constituent.
2025-11-17,DUMMYTATAM,DUMMYTATAM,EXCLUDE,2025-11-13,https://www.niftyindices.com/Press_Release/ind_prs13112025.pdf,Tata Motors commercial-vehicle exclusion after listing price-band test.
2025-11-28,DUMMYDBRLT,DUMMYDBRLT,EXCLUDE,2025-11-26,https://www.niftyindices.com/Press_Release/ind_prs26112025.pdf,Advent Hotels exclusion after listing price-band test.
2025-12-05,DUMMYHDLVR,DUMMYHDLVR,INCLUDE,2025-11-28,https://www.niftyindices.com/Press_Release/ind_prs28112025.pdf,Kwality Wall's demerger dummy constituent.
2025-12-15,DUMMYSKFIN,DUMMYSKFIN,EXCLUDE,2025-12-11,https://www.niftyindices.com/Press_Release/ind_prs11122025_1.pdf,SKF India industrial exclusion after listing price-band test.
2025-12-31,SKFINDIA,SKFINDIA,EXCLUDE,2025-12-11,https://www.niftyindices.com/Press_Release/ind_prs11122025.pdf,Post-demerger SKF India replacement.
2025-12-31,JSWCEMENT,JSWCEMENT,INCLUDE,2025-12-11,https://www.niftyindices.com/Press_Release/ind_prs11122025.pdf,Post-demerger SKF India replacement.
2026-02-24,DUMMYHDLVR,DUMMYHDLVR,EXCLUDE,2026-02-20,https://www.niftyindices.com/Press_Release/ind_prs20022026_1.pdf,Kwality Wall's exclusion after listing price-band test.
2026-03-30,AGARWALEYE,AGARWALEYE,EXCLUDE,2026-02-23,https://www.niftyindices.com/Press_Release/ind_prs23022026.pdf,Semi-annual Nifty 500 review.
2026-03-30,AKUMS,AKUMS,EXCLUDE,2026-02-23,https://www.niftyindices.com/Press_Release/ind_prs23022026.pdf,Semi-annual Nifty 500 review.
2026-03-30,ALKYLAMINE,ALKYLAMINE,EXCLUDE,2026-02-23,https://www.niftyindices.com/Press_Release/ind_prs23022026.pdf,Semi-annual Nifty 500 review.
2026-03-30,ALOKINDS,ALOKINDS,EXCLUDE,2026-02-23,https://www.niftyindices.com/Press_Release/ind_prs23022026.pdf,Semi-annual Nifty 500 review.
2026-03-30,APLLTD,APLLTD,EXCLUDE,2026-02-23,https://www.niftyindices.com/Press_Release/ind_prs23022026.pdf,Semi-annual Nifty 500 review.
2026-03-30,ASTRAZEN,ASTRAZEN,EXCLUDE,2026-02-23,https://www.niftyindices.com/Press_Release/ind_prs23022026.pdf,Semi-annual Nifty 500 review.
2026-03-30,BASF,BASF,EXCLUDE,2026-02-23,https://www.niftyindices.com/Press_Release/ind_prs23022026.pdf,Semi-annual Nifty 500 review.
2026-03-30,CAMPUS,CAMPUS,EXCLUDE,2026-02-23,https://www.niftyindices.com/Press_Release/ind_prs23022026.pdf,Semi-annual Nifty 500 review.
2026-03-30,CENTURYPLY,CENTURYPLY,EXCLUDE,2026-02-23,https://www.niftyindices.com/Press_Release/ind_prs23022026.pdf,Semi-annual Nifty 500 review.
2026-03-30,CERA,CERA,EXCLUDE,2026-02-23,https://www.niftyindices.com/Press_Release/ind_prs23022026.pdf,Semi-annual Nifty 500 review.
2026-03-30,DBREALTY,DBREALTY,EXCLUDE,2026-02-23,https://www.niftyindices.com/Press_Release/ind_prs23022026.pdf,Semi-annual Nifty 500 review.
2026-03-30,FINPIPE,FINPIPE,EXCLUDE,2026-02-23,https://www.niftyindices.com/Press_Release/ind_prs23022026.pdf,Semi-annual Nifty 500 review.
2026-03-30,GODREJAGRO,GODREJAGRO,EXCLUDE,2026-02-23,https://www.niftyindices.com/Press_Release/ind_prs23022026.pdf,Semi-annual Nifty 500 review.
2026-03-30,GUJGASLTD,GUJGASLTD,EXCLUDE,2026-02-23,https://www.niftyindices.com/Press_Release/ind_prs23022026.pdf,Semi-annual Nifty 500 review.
2026-03-30,HAPPSTMNDS,HAPPSTMNDS,EXCLUDE,2026-02-23,https://www.niftyindices.com/Press_Release/ind_prs23022026.pdf,Semi-annual Nifty 500 review.
2026-03-30,INOXINDIA,INOXINDIA,EXCLUDE,2026-02-23,https://www.niftyindices.com/Press_Release/ind_prs23022026.pdf,Semi-annual Nifty 500 review.
2026-03-30,JYOTHYLAB,JYOTHYLAB,EXCLUDE,2026-02-23,https://www.niftyindices.com/Press_Release/ind_prs23022026.pdf,Semi-annual Nifty 500 review.
2026-03-30,KIRLOSBROS,KIRLOSBROS,EXCLUDE,2026-02-23,https://www.niftyindices.com/Press_Release/ind_prs23022026.pdf,Semi-annual Nifty 500 review.
2026-03-30,KSB,KSB,EXCLUDE,2026-02-23,https://www.niftyindices.com/Press_Release/ind_prs23022026.pdf,Semi-annual Nifty 500 review.
2026-03-30,MAHSCOOTER,MAHSCOOTER,EXCLUDE,2026-02-23,https://www.niftyindices.com/Press_Release/ind_prs23022026.pdf,Semi-annual Nifty 500 review.
2026-03-30,MAHSEAMLES,MAHSEAMLES,EXCLUDE,2026-02-23,https://www.niftyindices.com/Press_Release/ind_prs23022026.pdf,Semi-annual Nifty 500 review.
2026-03-30,MANYAVAR,MANYAVAR,EXCLUDE,2026-02-23,https://www.niftyindices.com/Press_Release/ind_prs23022026.pdf,Semi-annual Nifty 500 review.
2026-03-30,METROPOLIS,METROPOLIS,EXCLUDE,2026-02-23,https://www.niftyindices.com/Press_Release/ind_prs23022026.pdf,Semi-annual Nifty 500 review.
2026-03-30,PGHH,PGHH,EXCLUDE,2026-02-23,https://www.niftyindices.com/Press_Release/ind_prs23022026.pdf,Semi-annual Nifty 500 review.
2026-03-30,PRAJIND,PRAJIND,EXCLUDE,2026-02-23,https://www.niftyindices.com/Press_Release/ind_prs23022026.pdf,Semi-annual Nifty 500 review.
2026-03-30,RCF,RCF,EXCLUDE,2026-02-23,https://www.niftyindices.com/Press_Release/ind_prs23022026.pdf,Semi-annual Nifty 500 review.
2026-03-30,RELINFRA,RELINFRA,EXCLUDE,2026-02-23,https://www.niftyindices.com/Press_Release/ind_prs23022026.pdf,Semi-annual Nifty 500 review.
2026-03-30,SUNDRMFAST,SUNDRMFAST,EXCLUDE,2026-02-23,https://www.niftyindices.com/Press_Release/ind_prs23022026.pdf,Semi-annual Nifty 500 review.
2026-03-30,TRIVENI,TRIVENI,EXCLUDE,2026-02-23,https://www.niftyindices.com/Press_Release/ind_prs23022026.pdf,Semi-annual Nifty 500 review.
2026-03-30,VENTIVE,VENTIVE,EXCLUDE,2026-02-23,https://www.niftyindices.com/Press_Release/ind_prs23022026.pdf,Semi-annual Nifty 500 review.
2026-03-30,VGUARD,VGUARD,EXCLUDE,2026-02-23,https://www.niftyindices.com/Press_Release/ind_prs23022026.pdf,Semi-annual Nifty 500 review.
2026-03-30,ABDL,ABDL,INCLUDE,2026-02-23,https://www.niftyindices.com/Press_Release/ind_prs23022026.pdf,Semi-annual Nifty 500 review.
2026-03-30,ACUTAAS,ACUTAAS,INCLUDE,2026-02-23,https://www.niftyindices.com/Press_Release/ind_prs23022026.pdf,Semi-annual Nifty 500 review.
2026-03-30,ANTHEM,ANTHEM,INCLUDE,2026-02-23,https://www.niftyindices.com/Press_Release/ind_prs23022026.pdf,Semi-annual Nifty 500 review.
2026-03-30,ANURAS,ANURAS,INCLUDE,2026-02-23,https://www.niftyindices.com/Press_Release/ind_prs23022026.pdf,Semi-annual Nifty 500 review.
2026-03-30,BELRISE,BELRISE,INCLUDE,2026-02-23,https://www.niftyindices.com/Press_Release/ind_prs23022026.pdf,Semi-annual Nifty 500 review.
2026-03-30,CANHLIFE,CANHLIFE,INCLUDE,2026-02-23,https://www.niftyindices.com/Press_Release/ind_prs23022026.pdf,Semi-annual Nifty 500 review.
2026-03-30,CARTRADE,CARTRADE,INCLUDE,2026-02-23,https://www.niftyindices.com/Press_Release/ind_prs23022026.pdf,Semi-annual Nifty 500 review.
2026-03-30,CEMPRO,CEMPRO,INCLUDE,2026-02-23,https://www.niftyindices.com/Press_Release/ind_prs23022026.pdf,Semi-annual Nifty 500 review.
2026-03-30,CPPLUS,CPPLUS,INCLUDE,2026-02-23,https://www.niftyindices.com/Press_Release/ind_prs23022026.pdf,Semi-annual Nifty 500 review.
2026-03-30,EMMVEE,EMMVEE,INCLUDE,2026-02-23,https://www.niftyindices.com/Press_Release/ind_prs23022026.pdf,Semi-annual Nifty 500 review.
2026-03-30,GABRIEL,GABRIEL,INCLUDE,2026-02-23,https://www.niftyindices.com/Press_Release/ind_prs23022026.pdf,Semi-annual Nifty 500 review.
2026-03-30,GALLANTT,GALLANTT,INCLUDE,2026-02-23,https://www.niftyindices.com/Press_Release/ind_prs23022026.pdf,Semi-annual Nifty 500 review.
2026-03-30,GROWW,GROWW,INCLUDE,2026-02-23,https://www.niftyindices.com/Press_Release/ind_prs23022026.pdf,Semi-annual Nifty 500 review.
2026-03-30,HDBFS,HDBFS,INCLUDE,2026-02-23,https://www.niftyindices.com/Press_Release/ind_prs23022026.pdf,Semi-annual Nifty 500 review.
2026-03-30,ICICIAMC,ICICIAMC,INCLUDE,2026-02-23,https://www.niftyindices.com/Press_Release/ind_prs23022026.pdf,Semi-annual Nifty 500 review.
2026-03-30,JAINREC,JAINREC,INCLUDE,2026-02-23,https://www.niftyindices.com/Press_Release/ind_prs23022026.pdf,Semi-annual Nifty 500 review.
2026-03-30,LENSKART,LENSKART,INCLUDE,2026-02-23,https://www.niftyindices.com/Press_Release/ind_prs23022026.pdf,Semi-annual Nifty 500 review.
2026-03-30,LGEINDIA,LGEINDIA,INCLUDE,2026-02-23,https://www.niftyindices.com/Press_Release/ind_prs23022026.pdf,Semi-annual Nifty 500 review.
2026-03-30,MEESHO,MEESHO,INCLUDE,2026-02-23,https://www.niftyindices.com/Press_Release/ind_prs23022026.pdf,Semi-annual Nifty 500 review.
2026-03-30,PARADEEP,PARADEEP,INCLUDE,2026-02-23,https://www.niftyindices.com/Press_Release/ind_prs23022026.pdf,Semi-annual Nifty 500 review.
2026-03-30,PINELABS,PINELABS,INCLUDE,2026-02-23,https://www.niftyindices.com/Press_Release/ind_prs23022026.pdf,Semi-annual Nifty 500 review.
2026-03-30,PIRAMALFIN,PIRAMALFIN,INCLUDE,2026-02-23,https://www.niftyindices.com/Press_Release/ind_prs23022026.pdf,Semi-annual Nifty 500 review.
2026-03-30,PWL,PWL,INCLUDE,2026-02-23,https://www.niftyindices.com/Press_Release/ind_prs23022026.pdf,Semi-annual Nifty 500 review.
2026-03-30,SPLPETRO,SPLPETRO,INCLUDE,2026-02-23,https://www.niftyindices.com/Press_Release/ind_prs23022026.pdf,Semi-annual Nifty 500 review.
2026-03-30,TATACAP,TATACAP,INCLUDE,2026-02-23,https://www.niftyindices.com/Press_Release/ind_prs23022026.pdf,Semi-annual Nifty 500 review.
2026-03-30,TEGA,TEGA,INCLUDE,2026-02-23,https://www.niftyindices.com/Press_Release/ind_prs23022026.pdf,Semi-annual Nifty 500 review.
2026-03-30,TENNIND,TENNIND,INCLUDE,2026-02-23,https://www.niftyindices.com/Press_Release/ind_prs23022026.pdf,Semi-annual Nifty 500 review.
2026-03-30,TMCV,TMCV,INCLUDE,2026-02-23,https://www.niftyindices.com/Press_Release/ind_prs23022026.pdf,Semi-annual Nifty 500 review.
2026-03-30,TRAVELFOOD,TRAVELFOOD,INCLUDE,2026-02-23,https://www.niftyindices.com/Press_Release/ind_prs23022026.pdf,Semi-annual Nifty 500 review.
2026-03-30,URBANCO,URBANCO,INCLUDE,2026-02-23,https://www.niftyindices.com/Press_Release/ind_prs23022026.pdf,Semi-annual Nifty 500 review.
2026-03-30,ZYDUSWELL,ZYDUSWELL,INCLUDE,2026-02-23,https://www.niftyindices.com/Press_Release/ind_prs23022026.pdf,Semi-annual Nifty 500 review.
2026-04-30,DUMMYVEDL1,DUMMYVEDL1,INCLUDE,2026-04-23,https://www.niftyindices.com/Press_Release/ind_prs23042026.pdf,Vedanta demerger dummy constituents.
2026-04-30,DUMMYVEDL2,DUMMYVEDL2,INCLUDE,2026-04-23,https://www.niftyindices.com/Press_Release/ind_prs23042026.pdf,Vedanta demerger dummy constituents.
2026-04-30,DUMMYVEDL3,DUMMYVEDL3,INCLUDE,2026-04-23,https://www.niftyindices.com/Press_Release/ind_prs23042026.pdf,Vedanta demerger dummy constituents.
2026-04-30,DUMMYVEDL4,DUMMYVEDL4,INCLUDE,2026-04-23,https://www.niftyindices.com/Press_Release/ind_prs23042026.pdf,Vedanta demerger dummy constituents.
2026-05-12,GSPL,GSPL,EXCLUDE,2026-05-04,https://www.niftyindices.com/Press_Release/ind_prs04052026.pdf,Gujarat State Petronet amalgamation.
2026-05-12,CIEINDIA,CIEINDIA,INCLUDE,2026-05-04,https://www.niftyindices.com/Press_Release/ind_prs04052026.pdf,Gujarat State Petronet amalgamation.
2026-06-19,DUMMYVEDL2,DUMMYVEDL2,EXCLUDE,2026-06-17,https://www.niftyindices.com/Press_Release/ind_prs17062026.pdf,Vedanta Power and Iron and Steel exclusions after listing.
2026-06-19,DUMMYVEDL4,DUMMYVEDL4,EXCLUDE,2026-06-17,https://www.niftyindices.com/Press_Release/ind_prs17062026.pdf,Vedanta Power and Iron and Steel exclusions after listing.
2026-06-23,DUMMYVEDL1,DUMMYVEDL1,EXCLUDE,2026-06-19,https://www.niftyindices.com/Press_Release/ind_prs19062026.pdf,Vedanta Aluminium exclusion after listing.
2026-06-24,DUMMYVEDL3,DUMMYVEDL3,EXCLUDE,2026-06-22,https://www.niftyindices.com/Press_Release/ind_prs22062026.pdf,Vedanta Oil and Gas exclusion after listing.
2026-07-17,JBCHEPHARM,JBCHEPHARM,EXCLUDE,2026-07-13,https://www.niftyindices.com/Press_Release/ind_prs13072026_1.pdf,J.B. Chemicals amalgamation.
2026-07-17,PFOCUS,PFOCUS,INCLUDE,2026-07-13,https://www.niftyindices.com/Press_Release/ind_prs13072026_1.pdf,J.B. Chemicals amalgamation.
