Symbol,Yahoo_Ticker,Download_Status,Raw_Row_Count,Raw_Date_Min,Raw_Date_Max,Missing_Close_Count,Missing_Adj_Close_Count,Duplicate_Date_Count,Error
360ONE,360ONE.NS,DOWNLOADED,1007,2022-08-01,2026-08-25,1,1,0,
3MINDIA,3MINDIA.NS,DOWNLOADED,1007,2022-08-01,2026-08-25,2,2,0,
AADHARHFC,AADHARHFC.NS,DOWNLOADED,1007,2022-08-01,2026-08-25,438,438,0,
AARTIDRUGS,AARTIDRUGS.NS,DOWNLOADED,1007,2022-08-01,2026-08-25,0,0,0,
AARTIIND,AARTIIND.NS,DOWNLOADED,1007,2022-08-01,2026-08-25,0,0,0,
AAVAS,AAVAS.NS,DOWNLOADED,1007,2022-08-01,2026-08-25,0,0,0,
ABB,ABB.NS,DOWNLOADED,1007,2022-08-01,2026-08-25,0,0,0,
ABBOTINDIA,ABBOTINDIA.NS,DOWNLOADED,1007,2022-08-01,2026-08-25,0,0,0,
ABCAPITAL,ABCAPITAL.NS,DOWNLOADED,1007,2022-08-01,2026-08-25,0,0,0,
ABDL,ABDL.NS,DOWNLOADED,1007,2022-08-01,2026-08-25,471,471,0,
ABFRL,ABFRL.NS,DOWNLOADED,1007,2022-08-01,2026-08-25,0,0,0,
ABLBL,ABLBL.NS,DOWNLOADED,1007,2022-08-01,2026-08-25,713,713,0,
ABREL,ABREL.NS,DOWNLOADED,1007,2022-08-01,2026-08-25,0,0,0,
ABSLAMC,ABSLAMC.NS,DOWNLOADED,1007,2022-08-01,2026-08-25,0,0,0,
ACC,ACC.NS,DOWNLOADED,1007,2022-08-01,2026-08-25,0,0,0,
ACE,ACE.NS,DOWNLOADED,1007,2022-08-01,2026-08-25,0,0,0,
ACI,ACI.NS,DOWNLOADED,1007,2022-08-01,2026-08-25,75,75,0,
ACMESOLAR,ACMESOLAR.NS,DOWNLOADED,1007,2022-08-01,2026-08-25,563,563,0,
ACUTAAS,ACUTAAS.NS,DOWNLOADED,1007,2022-08-01,2026-08-25,0,0,0,
ADANIENSOL,ADANIENSOL.NS,DOWNLOADED,1007,2022-08-01,2026-08-25,0,0,0,
ADANIENT,ADANIENT.NS,DOWNLOADED,1007,2022-08-01,2026-08-25,0,0,0,
ADANIGREEN,ADANIGREEN.NS,DOWNLOADED,1007,2022-08-01,2026-08-25,0,0,0,
ADANIPORTS,ADANIPORTS.NS,DOWNLOADED,1007,2022-08-01,2026-08-25,0,0,0,
ADANIPOWER,ADANIPOWER.NS,DOWNLOADED,1007,2022-08-01,2026-08-25,0,0,0,
ADVENTHTL,ADVENTHTL.NS,DOWNLOADED,1007,2022-08-01,2026-08-25,810,810,0,
AEGISLOG,AEGISLOG.NS,DOWNLOADED,1007,2022-08-01,2026-08-25,2,2,0,
AEGISVOPAK,AEGISVOPAK.NS,DOWNLOADED,1007,2022-08-01,2026-08-25,697,697,0,
AETHER,AETHER.NS,DOWNLOADED,1007,2022-08-01,2026-08-25,0,0,0,
AFCONS,AFCONS.NS,DOWNLOADED,1007,2022-08-01,2026-08-25,556,556,0,
AFFLE,AFFLE.NS,DOWNLOADED,1007,2022-08-01,2026-08-25,0,0,0,
AGARWALEYE,AGARWALEYE.NS,DOWNLOADED,1007,2022-08-01,2026-08-25,622,622,0,
AIAENG,AIAENG.NS,DOWNLOADED,1007,2022-08-01,2026-08-25,2,2,0,
AIIL,AIIL.NS,DOWNLOADED,1007,2022-08-01,2026-08-25,423,423,0,
AJANTPHARM,AJANTPHARM.NS,DOWNLOADED,1007,2022-08-01,2026-08-25,1,1,0,
AKUMS,AKUMS.NS,DOWNLOADED,1007,2022-08-01,2026-08-25,497,497,0,
ALIVUS,ALIVUS.NS,DOWNLOADED,1007,2022-08-01,2026-08-25,1,1,0,
ALKEM,ALKEM.NS,DOWNLOADED,1007,2022-08-01,2026-08-25,1,1,0,
ALKYLAMINE,ALKYLAMINE.NS,DOWNLOADED,1007,2022-08-01,2026-08-25,0,0,0,
ALLCARGO,ALLCARGO.NS,DOWNLOADED,1007,2022-08-01,2026-08-25,0,0,0,
ALOKINDS,ALOKINDS.NS,DOWNLOADED,1007,2022-08-01,2026-08-25,0,0,0,
AMBER,AMBER.NS,DOWNLOADED,1007,2022-08-01,2026-08-25,0,0,0,
AMBUJACEM,AMBUJACEM.NS,DOWNLOADED,1007,2022-08-01,2026-08-25,0,0,0,
ANANDRATHI,ANANDRATHI.NS,DOWNLOADED,1007,2022-08-01,2026-08-25,0,0,0,
ANANTRAJ,ANANTRAJ.NS,DOWNLOADED,1007,2022-08-01,2026-08-25,0,0,0,
ANGELONE,ANGELONE.NS,DOWNLOADED,1007,2022-08-01,2026-08-25,0,0,0,
ANTHEM,ANTHEM.NS,DOWNLOADED,1007,2022-08-01,2026-08-25,732,732,0,
ANURAS,ANURAS.NS,DOWNLOADED,1007,2022-08-01,2026-08-25,1,1,0,
APARINDS,APARINDS.NS,DOWNLOADED,1007,2022-08-01,2026-08-25,0,0,0,
APLAPOLLO,APLAPOLLO.NS,DOWNLOADED,1007,2022-08-01,2026-08-25,0,0,0,
APLLTD,APLLTD.NS,DOWNLOADED,1007,2022-08-01,2026-08-25,0,0,0,
APOLLOHOSP,APOLLOHOSP.NS,DOWNLOADED,1007,2022-08-01,2026-08-25,0,0,0,
APOLLOTYRE,APOLLOTYRE.NS,DOWNLOADED,1007,2022-08-01,2026-08-25,0,0,0,
APTUS,APTUS.NS,DOWNLOADED,1007,2022-08-01,2026-08-25,0,0,0,
ARE&M,ARE&M.NS,DOWNLOADED,1007,2022-08-01,2026-08-25,0,0,0,
ASAHIINDIA,ASAHIINDIA.NS,DOWNLOADED,1007,2022-08-01,2026-08-25,0,0,0,
ASHOKLEY,ASHOKLEY.NS,DOWNLOADED,1007,2022-08-01,2026-08-25,0,0,0,
ASIANPAINT,ASIANPAINT.NS,DOWNLOADED,1007,2022-08-01,2026-08-25,0,0,0,
ASTERDM,ASTERDM.NS,DOWNLOADED,1007,2022-08-01,2026-08-25,0,0,0,
ASTRAL,ASTRAL.NS,DOWNLOADED,1007,2022-08-01,2026-08-25,0,0,0,
ASTRAZEN,ASTRAZEN.NS,DOWNLOADED,1007,2022-08-01,2026-08-25,1,1,0,
ATGL,ATGL.NS,DOWNLOADED,1007,2022-08-01,2026-08-25,0,0,0,
ATHERENERG,ATHERENERG.NS,DOWNLOADED,1007,2022-08-01,2026-08-25,678,678,0,
ATUL,ATUL.NS,DOWNLOADED,1007,2022-08-01,2026-08-25,0,0,0,
AUBANK,AUBANK.NS,DOWNLOADED,1007,2022-08-01,2026-08-25,0,0,0,
AUROPHARMA,AUROPHARMA.NS,DOWNLOADED,1007,2022-08-01,2026-08-25,1,1,0,
AVANTIFEED,AVANTIFEED.NS,DOWNLOADED,1007,2022-08-01,2026-08-25,1,1,0,
AWL,AWL.NS,DOWNLOADED,1007,2022-08-01,2026-08-25,0,0,0,
AXISBANK,AXISBANK.NS,DOWNLOADED,1007,2022-08-01,2026-08-25,0,0,0,
BAJAJ-AUTO,BAJAJ-AUTO.NS,DOWNLOADED,1007,2022-08-01,2026-08-25,0,0,0,
BAJAJFINSV,BAJAJFINSV.NS,DOWNLOADED,1007,2022-08-01,2026-08-25,0,0,0,
BAJAJHFL,BAJAJHFL.NS,DOWNLOADED,1007,2022-08-01,2026-08-25,522,522,0,
BAJAJHLDNG,BAJAJHLDNG.NS,DOWNLOADED,1007,2022-08-01,2026-08-25,0,0,0,
BAJFINANCE,BAJFINANCE.NS,DOWNLOADED,1007,2022-08-01,2026-08-25,0,0,0,
BALAMINES,BALAMINES.NS,DOWNLOADED,1007,2022-08-01,2026-08-25,0,0,0,
BALKRISIND,BALKRISIND.NS,DOWNLOADED,1007,2022-08-01,2026-08-25,1,1,0,
BALRAMCHIN,BALRAMCHIN.NS,DOWNLOADED,1007,2022-08-01,2026-08-25,0,0,0,
BANDHANBNK,BANDHANBNK.NS,DOWNLOADED,1007,2022-08-01,2026-08-25,0,0,0,
BANKBARODA,BANKBARODA.NS,DOWNLOADED,1007,2022-08-01,2026-08-25,0,0,0,
BANKINDIA,BANKINDIA.NS,DOWNLOADED,1007,2022-08-01,2026-08-25,0,0,0,
BASF,BASF.NS,DOWNLOADED,1007,2022-08-01,2026-08-25,0,0,0,
BATAINDIA,BATAINDIA.NS,DOWNLOADED,1007,2022-08-01,2026-08-25,0,0,0,
BAYERCROP,BAYERCROP.NS,DOWNLOADED,1007,2022-08-01,2026-08-25,0,0,0,
BBTC,BBTC.NS,DOWNLOADED,1007,2022-08-01,2026-08-25,0,0,0,
BCG,BCG.NS,DOWNLOADED,1007,2022-08-01,2026-08-25,0,0,0,
BDL,BDL.NS,DOWNLOADED,1007,2022-08-01,2026-08-25,0,0,0,
BEL,BEL.NS,DOWNLOADED,1007,2022-08-01,2026-08-25,0,0,0,
BELRISE,BELRISE.NS,DOWNLOADED,1007,2022-08-01,2026-08-25,694,694,0,
BEML,BEML.NS,DOWNLOADED,1007,2022-08-01,2026-08-25,0,0,0,
BERGEPAINT,BERGEPAINT.NS,DOWNLOADED,1007,2022-08-01,2026-08-25,0,0,0,
BHARATFORG,BHARATFORG.NS,DOWNLOADED,1007,2022-08-01,2026-08-25,1,1,0,
BHARTIARTL,BHARTIARTL.NS,DOWNLOADED,1007,2022-08-01,2026-08-25,0,0,0,
BHARTIHEXA,BHARTIHEXA.NS,DOWNLOADED,1007,2022-08-01,2026-08-25,417,417,0,
BHEL,BHEL.NS,DOWNLOADED,1007,2022-08-01,2026-08-25,0,0,0,
BIKAJI,BIKAJI.NS,DOWNLOADED,1007,2022-08-01,2026-08-25,72,72,0,
BIOCON,BIOCON.NS,DOWNLOADED,1007,2022-08-01,2026-08-25,0,0,0,
BIRLACORPN,BIRLACORPN.NS,DOWNLOADED,1007,2022-08-01,2026-08-25,1,1,0,
BLS,BLS.NS,DOWNLOADED,1007,2022-08-01,2026-08-25,0,0,0,
BLUEDART,BLUEDART.NS,DOWNLOADED,1007,2022-08-01,2026-08-25,0,0,0,
BLUEJET,BLUEJET.NS,DOWNLOADED,1007,2022-08-01,2026-08-25,309,309,0,
BLUESTARCO,BLUESTARCO.NS,DOWNLOADED,1007,2022-08-01,2026-08-25,0,0,0,
BORORENEW,BORORENEW.NS,DOWNLOADED,1007,2022-08-01,2026-08-25,0,0,0,
BOSCHLTD,BOSCHLTD.NS,DOWNLOADED,1007,2022-08-01,2026-08-25,1,1,0,
BPCL,BPCL.NS,DOWNLOADED,1007,2022-08-01,2026-08-25,0,0,0,
BRIGADE,BRIGADE.NS,DOWNLOADED,1007,2022-08-01,2026-08-25,0,0,0,
BRITANNIA,BRITANNIA.NS,DOWNLOADED,1007,2022-08-01,2026-08-25,0,0,0,
BSE,BSE.NS,DOWNLOADED,1007,2022-08-01,2026-08-25,0,0,0,
BSOFT,BSOFT.NS,DOWNLOADED,1007,2022-08-01,2026-08-25,0,0,0,
CAMPUS,CAMPUS.NS,DOWNLOADED,1007,2022-08-01,2026-08-25,0,0,0,
CAMS,CAMS.NS,DOWNLOADED,1007,2022-08-01,2026-08-25,0,0,0,
CANBK,CANBK.NS,DOWNLOADED,1007,2022-08-01,2026-08-25,0,0,0,
CANFINHOME,CANFINHOME.NS,DOWNLOADED,1007,2022-08-01,2026-08-25,0,0,0,
CANHLIFE,CANHLIFE.NS,DOWNLOADED,1007,2022-08-01,2026-08-25,793,793,0,
CAPLIPOINT,CAPLIPOINT.NS,DOWNLOADED,1007,2022-08-01,2026-08-25,1,1,0,
CARBORUNIV,CARBORUNIV.NS,DOWNLOADED,1007,2022-08-01,2026-08-25,1,1,0,
CARTRADE,CARTRADE.NS,DOWNLOADED,1007,2022-08-01,2026-08-25,0,0,0,
CASTROLIND,CASTROLIND.NS,DOWNLOADED,1007,2022-08-01,2026-08-25,0,0,0,
CCL,CCL.NS,DOWNLOADED,1007,2022-08-01,2026-08-25,0,0,0,
CDSL,CDSL.NS,DOWNLOADED,1007,2022-08-01,2026-08-25,0,0,0,
CEATLTD,CEATLTD.NS,DOWNLOADED,1007,2022-08-01,2026-08-25,0,0,0,
CELLO,CELLO.NS,DOWNLOADED,1007,2022-08-01,2026-08-25,314,314,0,
CEMPRO,CEMPRO.NS,DOWNLOADED,1007,2022-08-01,2026-08-25,0,0,0,
CENTRALBK,CENTRALBK.NS,DOWNLOADED,1007,2022-08-01,2026-08-25,0,0,0,
CENTURYPLY,CENTURYPLY.NS,DOWNLOADED,1007,2022-08-01,2026-08-25,1,1,0,
CERA,CERA.NS,DOWNLOADED,1007,2022-08-01,2026-08-25,1,1,0,
CESC,CESC.NS,DOWNLOADED,1007,2022-08-01,2026-08-25,0,0,0,
CGCL,CGCL.NS,DOWNLOADED,1007,2022-08-01,2026-08-25,0,0,0,
CGPOWER,CGPOWER.NS,DOWNLOADED,1007,2022-08-01,2026-08-25,0,0,0,
CHALET,CHALET.NS,DOWNLOADED,1007,2022-08-01,2026-08-25,0,0,0,
CHAMBLFERT,CHAMBLFERT.NS,DOWNLOADED,1007,2022-08-01,2026-08-25,0,0,0,
CHEMPLASTS,CHEMPLASTS.NS,DOWNLOADED,1007,2022-08-01,2026-08-25,0,0,0,
CHENNPETRO,CHENNPETRO.NS,DOWNLOADED,1007,2022-08-01,2026-08-25,0,0,0,
CHOICEIN,CHOICEIN.NS,DOWNLOADED,1007,2022-08-01,2026-08-25,1,1,0,
CHOLAFIN,CHOLAFIN.NS,DOWNLOADED,1007,2022-08-01,2026-08-25,0,0,0,
CHOLAHLDNG,CHOLAHLDNG.NS,DOWNLOADED,1007,2022-08-01,2026-08-25,0,0,0,
CIEINDIA,CIEINDIA.NS,DOWNLOADED,1007,2022-08-01,2026-08-25,2,2,0,
CIPLA,CIPLA.NS,DOWNLOADED,1007,2022-08-01,2026-08-25,0,0,0,
CLEAN,CLEAN.NS,DOWNLOADED,1007,2022-08-01,2026-08-25,0,0,0,
COALINDIA,COALINDIA.NS,DOWNLOADED,1007,2022-08-01,2026-08-25,0,0,0,
COCHINSHIP,COCHINSHIP.NS,DOWNLOADED,1007,2022-08-01,2026-08-25,0,0,0,
COFORGE,COFORGE.NS,DOWNLOADED,1007,2022-08-01,2026-08-25,0,0,0,
COHANCE,COHANCE.NS,DOWNLOADED,1007,2022-08-01,2026-08-25,0,0,0,
COLPAL,COLPAL.NS,DOWNLOADED,1007,2022-08-01,2026-08-25,0,0,0,
CONCOR,CONCOR.NS,DOWNLOADED,1007,2022-08-01,2026-08-25,0,0,0,
CONCORDBIO,CONCORDBIO.NS,DOWNLOADED,1007,2022-08-01,2026-08-25,259,259,0,
COROMANDEL,COROMANDEL.NS,DOWNLOADED,1007,2022-08-01,2026-08-25,0,0,0,
CPPLUS,CPPLUS.NS,DOWNLOADED,1007,2022-08-01,2026-08-25,743,743,0,
CRAFTSMAN,CRAFTSMAN.NS,DOWNLOADED,1007,2022-08-01,2026-08-25,2,2,0,
CREDITACC,CREDITACC.NS,DOWNLOADED,1007,2022-08-01,2026-08-25,0,0,0,
CRISIL,CRISIL.NS,DOWNLOADED,1007,2022-08-01,2026-08-25,0,0,0,
CROMPTON,CROMPTON.NS,DOWNLOADED,1007,2022-08-01,2026-08-25,0,0,0,
CSBBANK,CSBBANK.NS,DOWNLOADED,1007,2022-08-01,2026-08-25,0,0,0,
CUB,CUB.NS,DOWNLOADED,1007,2022-08-01,2026-08-25,0,0,0,
CUMMINSIND,CUMMINSIND.NS,DOWNLOADED,1007,2022-08-01,2026-08-25,0,0,0,
CYIENT,CYIENT.NS,DOWNLOADED,1007,2022-08-01,2026-08-25,0,0,0,
DABUR,DABUR.NS,DOWNLOADED,1007,2022-08-01,2026-08-25,0,0,0,
DALBHARAT,DALBHARAT.NS,DOWNLOADED,1007,2022-08-01,2026-08-25,1,1,0,
DATAPATTNS,DATAPATTNS.NS,DOWNLOADED,1007,2022-08-01,2026-08-25,0,0,0,
DBREALTY,DBREALTY.NS,DOWNLOADED,1007,2022-08-01,2026-08-25,0,0,0,
DCMSHRIRAM,DCMSHRIRAM.NS,DOWNLOADED,1007,2022-08-01,2026-08-25,1,1,0,
DEEPAKFERT,DEEPAKFERT.NS,DOWNLOADED,1007,2022-08-01,2026-08-25,0,0,0,
DEEPAKNTR,DEEPAKNTR.NS,DOWNLOADED,1007,2022-08-01,2026-08-25,1,1,0,
DELHIVERY,DELHIVERY.NS,DOWNLOADED,1007,2022-08-01,2026-08-25,0,0,0,
DELTACORP,DELTACORP.NS,DOWNLOADED,1007,2022-08-01,2026-08-25,0,0,0,
DEVYANI,DEVYANI.NS,DOWNLOADED,1007,2022-08-01,2026-08-25,0,0,0,
DIVISLAB,DIVISLAB.NS,DOWNLOADED,1007,2022-08-01,2026-08-25,1,1,0,
DIXON,DIXON.NS,DOWNLOADED,1007,2022-08-01,2026-08-25,0,0,0,
DLF,DLF.NS,DOWNLOADED,1007,2022-08-01,2026-08-25,0,0,0,
DMART,DMART.NS,DOWNLOADED,1007,2022-08-01,2026-08-25,0,0,0,
DOMS,DOMS.NS,DOWNLOADED,1007,2022-08-01,2026-08-25,343,343,0,
DRREDDY,DRREDDY.NS,DOWNLOADED,1007,2022-08-01,2026-08-25,0,0,0,
EASEMYTRIP,EASEMYTRIP.NS,DOWNLOADED,1007,2022-08-01,2026-08-25,0,0,0,
ECLERX,ECLERX.NS,DOWNLOADED,1007,2022-08-01,2026-08-25,0,0,0,
EICHERMOT,EICHERMOT.NS,DOWNLOADED,1007,2022-08-01,2026-08-25,0,0,0,
EIDPARRY,EIDPARRY.NS,DOWNLOADED,1007,2022-08-01,2026-08-25,1,1,0,
EIHOTEL,EIHOTEL.NS,DOWNLOADED,1007,2022-08-01,2026-08-25,0,0,0,
ELECON,ELECON.NS,DOWNLOADED,1007,2022-08-01,2026-08-25,0,0,0,
ELGIEQUIP,ELGIEQUIP.NS,DOWNLOADED,1007,2022-08-01,2026-08-25,0,0,0,
EMAMILTD,EMAMILTD.NS,DOWNLOADED,1007,2022-08-01,2026-08-25,0,0,0,
EMCURE,EMCURE.NS,DOWNLOADED,1007,2022-08-01,2026-08-25,477,477,0,
EMMVEE,EMMVEE.NS,DOWNLOADED,1007,2022-08-01,2026-08-25,813,813,0,
ENDURANCE,ENDURANCE.NS,DOWNLOADED,1007,2022-08-01,2026-08-25,0,0,0,
ENGINERSIN,ENGINERSIN.NS,DOWNLOADED,1007,2022-08-01,2026-08-25,0,0,0,
ENRIN,ENRIN.NS,DOWNLOADED,1007,2022-08-01,2026-08-25,710,710,0,
EPIGRAL,EPIGRAL.NS,DOWNLOADED,1007,2022-08-01,2026-08-25,2,2,0,
EPL,EPL.NS,DOWNLOADED,1007,2022-08-01,2026-08-25,1,1,0,
EQUITASBNK,EQUITASBNK.NS,DOWNLOADED,1007,2022-08-01,2026-08-25,0,0,0,
ERIS,ERIS.NS,DOWNLOADED,1007,2022-08-01,2026-08-25,2,2,0,
ESCORTS,ESCORTS.NS,DOWNLOADED,1007,2022-08-01,2026-08-25,0,0,0,
ETERNAL,ETERNAL.NS,DOWNLOADED,1007,2022-08-01,2026-08-25,0,0,0,
EXIDEIND,EXIDEIND.NS,DOWNLOADED,1007,2022-08-01,2026-08-25,0,0,0,
FACT,FACT.NS,DOWNLOADED,1007,2022-08-01,2026-08-25,0,0,0,
FDC,FDC.NS,DOWNLOADED,1007,2022-08-01,2026-08-25,1,1,0,
FEDERALBNK,FEDERALBNK.NS,DOWNLOADED,1007,2022-08-01,2026-08-25,0,0,0,
FINCABLES,FINCABLES.NS,DOWNLOADED,1007,2022-08-01,2026-08-25,0,0,0,
FINEORG,FINEORG.NS,DOWNLOADED,1007,2022-08-01,2026-08-25,0,0,0,
FINPIPE,FINPIPE.NS,DOWNLOADED,1007,2022-08-01,2026-08-25,2,2,0,
FIRSTCRY,FIRSTCRY.NS,DOWNLOADED,1007,2022-08-01,2026-08-25,499,499,0,
FIVESTAR,FIVESTAR.NS,DOWNLOADED,1007,2022-08-01,2026-08-25,75,75,0,
FLUOROCHEM,FLUOROCHEM.NS,DOWNLOADED,1007,2022-08-01,2026-08-25,0,0,0,
FORCEMOT,FORCEMOT.NS,DOWNLOADED,1007,2022-08-01,2026-08-25,41,41,0,
FORTIS,FORTIS.NS,DOWNLOADED,1007,2022-08-01,2026-08-25,0,0,0,
FSL,FSL.NS,DOWNLOADED,1007,2022-08-01,2026-08-25,0,0,0,
GABRIEL,GABRIEL.NS,DOWNLOADED,1007,2022-08-01,2026-08-25,0,0,0,
GAEL,GAEL.NS,DOWNLOADED,1007,2022-08-01,2026-08-25,0,0,0,
GAIL,GAIL.NS,DOWNLOADED,1007,2022-08-01,2026-08-25,0,0,0,
GALAXYSURF,GALAXYSURF.NS,DOWNLOADED,1007,2022-08-01,2026-08-25,2,2,0,
GALLANTT,GALLANTT.NS,DOWNLOADED,1007,2022-08-01,2026-08-25,1,1,0,
GARFIBRES,GARFIBRES.NS,DOWNLOADED,1007,2022-08-01,2026-08-25,1,1,0,
GESHIP,GESHIP.NS,DOWNLOADED,1007,2022-08-01,2026-08-25,0,0,0,
GICRE,GICRE.NS,DOWNLOADED,1007,2022-08-01,2026-08-25,0,0,0,
GILLETTE,GILLETTE.NS,DOWNLOADED,1007,2022-08-01,2026-08-25,0,0,0,
GLAND,GLAND.NS,DOWNLOADED,1007,2022-08-01,2026-08-25,1,1,0,
GLAXO,GLAXO.NS,DOWNLOADED,1007,2022-08-01,2026-08-25,0,0,0,
GLENMARK,GLENMARK.NS,DOWNLOADED,1007,2022-08-01,2026-08-25,0,0,0,
GLS,GLS.NS,NO_USABLE_DATA,1007,2022-08-01,2026-08-25,1007,1007,0,no adjusted-close observations returned
GMDCLTD,GMDCLTD.NS,DOWNLOADED,1007,2022-08-01,2026-08-25,0,0,0,
GMMPFAUDLR,GMMPFAUDLR.NS,DOWNLOADED,1007,2022-08-01,2026-08-25,1,1,0,
GMRAIRPORT,GMRAIRPORT.NS,DOWNLOADED,1007,2022-08-01,2026-08-25,0,0,0,
GNFC,GNFC.NS,DOWNLOADED,1007,2022-08-01,2026-08-25,0,0,0,
GOCOLORS,GOCOLORS.NS,DOWNLOADED,1007,2022-08-01,2026-08-25,1,1,0,
GODFRYPHLP,GODFRYPHLP.NS,DOWNLOADED,1007,2022-08-01,2026-08-25,0,0,0,
GODIGIT,GODIGIT.NS,DOWNLOADED,1007,2022-08-01,2026-08-25,444,444,0,
GODREJAGRO,GODREJAGRO.NS,DOWNLOADED,1007,2022-08-01,2026-08-25,0,0,0,
GODREJCP,GODREJCP.NS,DOWNLOADED,1007,2022-08-01,2026-08-25,0,0,0,
GODREJIND,GODREJIND.NS,DOWNLOADED,1007,2022-08-01,2026-08-25,0,0,0,
GODREJPROP,GODREJPROP.NS,DOWNLOADED,1007,2022-08-01,2026-08-25,0,0,0,
GPIL,GPIL.NS,DOWNLOADED,1007,2022-08-01,2026-08-25,0,0,0,
GPPL,GPPL.NS,DOWNLOADED,1007,2022-08-01,2026-08-25,0,0,0,
GRANULES,GRANULES.NS,DOWNLOADED,1007,2022-08-01,2026-08-25,1,1,0,
GRAPHITE,GRAPHITE.NS,DOWNLOADED,1007,2022-08-01,2026-08-25,0,0,0,
GRASIM,GRASIM.NS,DOWNLOADED,1007,2022-08-01,2026-08-25,0,0,0,
GRAVITA,GRAVITA.NS,DOWNLOADED,1007,2022-08-01,2026-08-25,0,0,0,
GREENPANEL,GREENPANEL.NS,DOWNLOADED,1007,2022-08-01,2026-08-25,0,0,0,
GRINDWELL,GRINDWELL.NS,DOWNLOADED,1007,2022-08-01,2026-08-25,1,1,0,
GRINFRA,GRINFRA.NS,DOWNLOADED,1007,2022-08-01,2026-08-25,0,0,0,
GROWW,GROWW.NS,DOWNLOADED,1007,2022-08-01,2026-08-25,809,809,0,
GRSE,GRSE.NS,DOWNLOADED,1007,2022-08-01,2026-08-25,0,0,0,
GSFC,GSFC.NS,DOWNLOADED,1007,2022-08-01,2026-08-25,0,0,0,
GSPL,GSPL.NS,NO_USABLE_DATA,1007,2022-08-01,2026-08-25,1007,1007,0,no adjusted-close observations returned
GUJALKALI,GUJALKALI.NS,DOWNLOADED,1007,2022-08-01,2026-08-25,1,1,0,
GUJGASLTD,GUJGASLTD.NS,DOWNLOADED,1007,2022-08-01,2026-08-25,979,979,0,
GVT&D,GVT&D.NS,DOWNLOADED,1007,2022-08-01,2026-08-25,0,0,0,
HAL,HAL.NS,DOWNLOADED,1007,2022-08-01,2026-08-25,0,0,0,
HAPPSTMNDS,HAPPSTMNDS.NS,DOWNLOADED,1007,2022-08-01,2026-08-25,0,0,0,
HAPPYFORGE,HAPPYFORGE.NS,DOWNLOADED,1007,2022-08-01,2026-08-25,346,346,0,
HAVELLS,HAVELLS.NS,DOWNLOADED,1007,2022-08-01,2026-08-25,0,0,0,
HBLENGINE,HBLENGINE.NS,DOWNLOADED,1007,2022-08-01,2026-08-25,0,0,0,
HCLTECH,HCLTECH.NS,DOWNLOADED,1007,2022-08-01,2026-08-25,0,0,0,
HDBFS,HDBFS.NS,DOWNLOADED,1007,2022-08-01,2026-08-25,719,719,0,
HDFCAMC,HDFCAMC.NS,DOWNLOADED,1007,2022-08-01,2026-08-25,0,0,0,
HDFCBANK,HDFCBANK.NS,DOWNLOADED,1007,2022-08-01,2026-08-25,0,0,0,
HDFCLIFE,HDFCLIFE.NS,DOWNLOADED,1007,2022-08-01,2026-08-25,0,0,0,
HEG,HEG.NS,DOWNLOADED,1007,2022-08-01,2026-08-25,0,0,0,
HEROMOTOCO,HEROMOTOCO.NS,DOWNLOADED,1007,2022-08-01,2026-08-25,0,0,0,
HEXT,HEXT.NS,DOWNLOADED,1007,2022-08-01,2026-08-25,632,632,0,
HFCL,HFCL.NS,DOWNLOADED,1007,2022-08-01,2026-08-25,0,0,0,
HGS,HGS.NS,DOWNLOADED,1007,2022-08-01,2026-08-25,1,1,0,
HIKAL,HIKAL.NS,DOWNLOADED,1007,2022-08-01,2026-08-25,1,1,0,
HINDALCO,HINDALCO.NS,DOWNLOADED,1007,2022-08-01,2026-08-25,0,0,0,
HINDCOPPER,HINDCOPPER.NS,DOWNLOADED,1007,2022-08-01,2026-08-25,0,0,0,
HINDPETRO,HINDPETRO.NS,DOWNLOADED,1007,2022-08-01,2026-08-25,0,0,0,
HINDUNILVR,HINDUNILVR.NS,DOWNLOADED,1007,2022-08-01,2026-08-25,0,0,0,
HINDZINC,HINDZINC.NS,DOWNLOADED,1007,2022-08-01,2026-08-25,0,0,0,
HLEGLAS,HLEGLAS.NS,DOWNLOADED,1007,2022-08-01,2026-08-25,0,0,0,
HOMEFIRST,HOMEFIRST.NS,DOWNLOADED,1007,2022-08-01,2026-08-25,1,1,0,
HONASA,HONASA.NS,DOWNLOADED,1007,2022-08-01,2026-08-25,314,314,0,
HONAUT,HONAUT.NS,DOWNLOADED,1007,2022-08-01,2026-08-25,2,2,0,
HSCL,HSCL.NS,DOWNLOADED,1007,2022-08-01,2026-08-25,0,0,0,
HUDCO,HUDCO.NS,DOWNLOADED,1007,2022-08-01,2026-08-25,0,0,0,
HYUNDAI,HYUNDAI.NS,DOWNLOADED,1007,2022-08-01,2026-08-25,547,547,0,
IBREALEST,IBREALEST.NS,DOWNLOADED,1007,2022-08-01,2026-08-25,0,0,0,
ICICIAMC,ICICIAMC.NS,DOWNLOADED,1007,2022-08-01,2026-08-25,836,836,0,
ICICIBANK,ICICIBANK.NS,DOWNLOADED,1007,2022-08-01,2026-08-25,0,0,0,
ICICIGI,ICICIGI.NS,DOWNLOADED,1007,2022-08-01,2026-08-25,0,0,0,
ICICIPRULI,ICICIPRULI.NS,DOWNLOADED,1007,2022-08-01,2026-08-25,0,0,0,
IDBI,IDBI.NS,DOWNLOADED,1007,2022-08-01,2026-08-25,0,0,0,
IDEA,IDEA.NS,DOWNLOADED,1007,2022-08-01,2026-08-25,0,0,0,
IDFC,IDFC.NS,NO_USABLE_DATA,1007,2022-08-01,2026-08-25,1007,1007,0,no adjusted-close observations returned
IDFCFIRSTB,IDFCFIRSTB.NS,DOWNLOADED,1007,2022-08-01,2026-08-25,0,0,0,
IEX,IEX.NS,DOWNLOADED,1007,2022-08-01,2026-08-25,0,0,0,
IFBIND,IFBIND.NS,DOWNLOADED,1007,2022-08-01,2026-08-25,0,0,0,
IFCI,IFCI.NS,DOWNLOADED,1007,2022-08-01,2026-08-25,0,0,0,
IGIL,IGIL.NS,DOWNLOADED,1007,2022-08-01,2026-08-25,594,594,0,
IGL,IGL.NS,DOWNLOADED,1007,2022-08-01,2026-08-25,0,0,0,
IIFL,IIFL.NS,DOWNLOADED,1007,2022-08-01,2026-08-25,0,0,0,
IKS,IKS.NS,DOWNLOADED,1007,2022-08-01,2026-08-25,588,588,0,
INDGN,INDGN.NS,DOWNLOADED,1007,2022-08-01,2026-08-25,436,436,0,
INDHOTEL,INDHOTEL.NS,DOWNLOADED,1007,2022-08-01,2026-08-25,0,0,0,
INDIACEM,INDIACEM.NS,DOWNLOADED,1007,2022-08-01,2026-08-25,0,0,0,
INDIAMART,INDIAMART.NS,DOWNLOADED,1007,2022-08-01,2026-08-25,0,0,0,
INDIANB,INDIANB.NS,DOWNLOADED,1007,2022-08-01,2026-08-25,0,0,0,
INDIGO,INDIGO.NS,DOWNLOADED,1007,2022-08-01,2026-08-25,1,1,0,
INDIGOPNTS,INDIGOPNTS.NS,DOWNLOADED,1007,2022-08-01,2026-08-25,0,0,0,
INDUSINDBK,INDUSINDBK.NS,DOWNLOADED,1007,2022-08-01,2026-08-25,0,0,0,
INDUSTOWER,INDUSTOWER.NS,DOWNLOADED,1007,2022-08-01,2026-08-25,0,0,0,
INFIBEAM,INFIBEAM.NS,NO_USABLE_DATA,1007,2022-08-01,2026-08-25,1007,1007,0,no adjusted-close observations returned
INFY,INFY.NS,DOWNLOADED,1007,2022-08-01,2026-08-25,0,0,0,
INGERRAND,INGERRAND.NS,DOWNLOADED,1007,2022-08-01,2026-08-25,0,0,0,
INOXINDIA,INOXINDIA.NS,DOWNLOADED,1007,2022-08-01,2026-08-25,344,344,0,
INOXWIND,INOXWIND.NS,DOWNLOADED,1007,2022-08-01,2026-08-25,0,0,0,
INTELLECT,INTELLECT.NS,DOWNLOADED,1007,2022-08-01,2026-08-25,0,0,0,
IOB,IOB.NS,DOWNLOADED,1007,2022-08-01,2026-08-25,0,0,0,
IOC,IOC.NS,DOWNLOADED,1007,2022-08-01,2026-08-25,0,0,0,
IPCALAB,IPCALAB.NS,DOWNLOADED,1007,2022-08-01,2026-08-25,1,1,0,
IRB,IRB.NS,DOWNLOADED,1007,2022-08-01,2026-08-25,0,0,0,
IRCON,IRCON.NS,DOWNLOADED,1007,2022-08-01,2026-08-25,0,0,0,
IRCTC,IRCTC.NS,DOWNLOADED,1007,2022-08-01,2026-08-25,0,0,0,
IREDA,IREDA.NS,DOWNLOADED,1007,2022-08-01,2026-08-25,327,327,0,
IRFC,IRFC.NS,DOWNLOADED,1007,2022-08-01,2026-08-25,0,0,0,
ISEC,ISEC.NS,NO_USABLE_DATA,1007,2022-08-01,2026-08-25,1007,1007,0,no adjusted-close observations returned
ITC,ITC.NS,DOWNLOADED,1007,2022-08-01,2026-08-25,0,0,0,
ITCHOTELS,ITCHOTELS.NS,DOWNLOADED,1007,2022-08-01,2026-08-25,616,616,0,
ITI,ITI.NS,DOWNLOADED,1007,2022-08-01,2026-08-25,0,0,0,
J&KBANK,J&KBANK.NS,DOWNLOADED,1007,2022-08-01,2026-08-25,0,0,0,
JAIBALAJI,JAIBALAJI.NS,DOWNLOADED,1007,2022-08-01,2026-08-25,0,0,0,
JAINREC,JAINREC.NS,DOWNLOADED,1007,2022-08-01,2026-08-25,784,784,0,
JAMNAAUTO,JAMNAAUTO.NS,DOWNLOADED,1007,2022-08-01,2026-08-25,0,0,0,
JBCHEPHARM,JBCHEPHARM.NS,DOWNLOADED,1007,2022-08-01,2026-08-25,23,23,0,
JBMA,JBMA.NS,DOWNLOADED,1007,2022-08-01,2026-08-25,0,0,0,
JINDALSAW,JINDALSAW.NS,DOWNLOADED,1007,2022-08-01,2026-08-25,0,0,0,
JINDALSTEL,JINDALSTEL.NS,DOWNLOADED,1007,2022-08-01,2026-08-25,0,0,0,
JINDWORLD,JINDWORLD.NS,DOWNLOADED,1007,2022-08-01,2026-08-25,0,0,0,
JIOFIN,JIOFIN.NS,DOWNLOADED,1007,2022-08-01,2026-08-25,260,260,0,
JKCEMENT,JKCEMENT.NS,DOWNLOADED,1007,2022-08-01,2026-08-25,0,0,0,
JKLAKSHMI,JKLAKSHMI.NS,DOWNLOADED,1007,2022-08-01,2026-08-25,0,0,0,
JKPAPER,JKPAPER.NS,DOWNLOADED,1007,2022-08-01,2026-08-25,1,1,0,
JKTYRE,JKTYRE.NS,DOWNLOADED,1007,2022-08-01,2026-08-25,0,0,0,
JMFINANCIL,JMFINANCIL.NS,DOWNLOADED,1007,2022-08-01,2026-08-25,0,0,0,
JPPOWER,JPPOWER.NS,DOWNLOADED,1007,2022-08-01,2026-08-25,0,0,0,
JSL,JSL.NS,DOWNLOADED,1007,2022-08-01,2026-08-25,0,0,0,
JSWCEMENT,JSWCEMENT.NS,DOWNLOADED,1007,2022-08-01,2026-08-25,750,750,0,
JSWDULUX,JSWDULUX.NS,DOWNLOADED,1007,2022-08-01,2026-08-25,0,0,0,
JSWENERGY,JSWENERGY.NS,DOWNLOADED,1007,2022-08-01,2026-08-25,0,0,0,
JSWHL,JSWHL.NS,DOWNLOADED,1007,2022-08-01,2026-08-25,0,0,0,
JSWINFRA,JSWINFRA.NS,DOWNLOADED,1007,2022-08-01,2026-08-25,289,289,0,
JSWSTEEL,JSWSTEEL.NS,DOWNLOADED,1007,2022-08-01,2026-08-25,0,0,0,
JUBLFOOD,JUBLFOOD.NS,DOWNLOADED,1007,2022-08-01,2026-08-25,0,0,0,
JUBLINGREA,JUBLINGREA.NS,DOWNLOADED,1007,2022-08-01,2026-08-25,0,0,0,
JUBLPHARMA,JUBLPHARMA.NS,DOWNLOADED,1007,2022-08-01,2026-08-25,1,1,0,
JUSTDIAL,JUSTDIAL.NS,DOWNLOADED,1007,2022-08-01,2026-08-25,0,0,0,
JWL,JWL.NS,DOWNLOADED,1007,2022-08-01,2026-08-25,0,0,0,
JYOTHYLAB,JYOTHYLAB.NS,DOWNLOADED,1007,2022-08-01,2026-08-25,0,0,0,
JYOTICNC,JYOTICNC.NS,DOWNLOADED,1007,2022-08-01,2026-08-25,360,360,0,
KAJARIACER,KAJARIACER.NS,DOWNLOADED,1007,2022-08-01,2026-08-25,0,0,0,
KALYANKJIL,KALYANKJIL.NS,DOWNLOADED,1007,2022-08-01,2026-08-25,0,0,0,
KANSAINER,KANSAINER.NS,DOWNLOADED,1007,2022-08-01,2026-08-25,2,2,0,
KARURVYSYA,KARURVYSYA.NS,DOWNLOADED,1007,2022-08-01,2026-08-25,0,0,0,
KAYNES,KAYNES.NS,DOWNLOADED,1007,2022-08-01,2026-08-25,75,75,0,
KEC,KEC.NS,DOWNLOADED,1007,2022-08-01,2026-08-25,0,0,0,
KEI,KEI.NS,DOWNLOADED,1007,2022-08-01,2026-08-25,0,0,0,
KENNAMET,KENNAMET.NS,DOWNLOADED,1007,2022-08-01,2026-08-25,579,579,0,
KFINTECH,KFINTECH.NS,DOWNLOADED,1007,2022-08-01,2026-08-25,102,102,0,
KIMS,KIMS.NS,DOWNLOADED,1007,2022-08-01,2026-08-25,0,0,0,
KIRLFER,KIRLFER.NS,DOWNLOADED,1007,2022-08-01,2026-08-25,579,579,0,
KIRLOSBROS,KIRLOSBROS.NS,DOWNLOADED,1007,2022-08-01,2026-08-25,0,0,0,
KIRLOSENG,KIRLOSENG.NS,DOWNLOADED,1007,2022-08-01,2026-08-25,1,1,0,
KNRCON,KNRCON.NS,DOWNLOADED,1007,2022-08-01,2026-08-25,0,0,0,
KOTAKBANK,KOTAKBANK.NS,DOWNLOADED,1007,2022-08-01,2026-08-25,0,0,0,
KPIL,KPIL.NS,DOWNLOADED,1007,2022-08-01,2026-08-25,1,1,0,
KPITTECH,KPITTECH.NS,DOWNLOADED,1007,2022-08-01,2026-08-25,0,0,0,
KPRMILL,KPRMILL.NS,DOWNLOADED,1007,2022-08-01,2026-08-25,0,0,0,
KRBL,KRBL.NS,DOWNLOADED,1007,2022-08-01,2026-08-25,1,1,0,
KSB,KSB.NS,DOWNLOADED,1007,2022-08-01,2026-08-25,0,0,0,
KWIL,KWIL.NS,DOWNLOADED,1007,2022-08-01,2026-08-25,875,875,0,
LALPATHLAB,LALPATHLAB.NS,DOWNLOADED,1007,2022-08-01,2026-08-25,0,0,0,
LATENTVIEW,LATENTVIEW.NS,DOWNLOADED,1007,2022-08-01,2026-08-25,0,0,0,
LAURUSLABS,LAURUSLABS.NS,DOWNLOADED,1007,2022-08-01,2026-08-25,0,0,0,
LAXMIMACH,LAXMIMACH.NS,NO_USABLE_DATA,1007,2022-08-01,2026-08-25,1007,1007,0,no adjusted-close observations returned
LEMONTREE,LEMONTREE.NS,DOWNLOADED,1007,2022-08-01,2026-08-25,0,0,0,
LENSKART,LENSKART.NS,DOWNLOADED,1007,2022-08-01,2026-08-25,807,807,0,
LGEINDIA,LGEINDIA.NS,DOWNLOADED,1007,2022-08-01,2026-08-25,790,790,0,
LICHSGFIN,LICHSGFIN.NS,DOWNLOADED,1007,2022-08-01,2026-08-25,0,0,0,
LICI,LICI.NS,DOWNLOADED,1007,2022-08-01,2026-08-25,0,0,0,
LINDEINDIA,LINDEINDIA.NS,DOWNLOADED,1007,2022-08-01,2026-08-25,1,1,0,
LLOYDSME,LLOYDSME.NS,DOWNLOADED,1007,2022-08-01,2026-08-25,236,236,0,
LODHA,LODHA.NS,DOWNLOADED,1007,2022-08-01,2026-08-25,0,0,0,
LT,LT.NS,DOWNLOADED,1007,2022-08-01,2026-08-25,0,0,0,
LTF,LTF.NS,DOWNLOADED,1007,2022-08-01,2026-08-25,0,0,0,
LTFOODS,LTFOODS.NS,DOWNLOADED,1007,2022-08-01,2026-08-25,0,0,0,
LTM,LTM.NS,DOWNLOADED,1007,2022-08-01,2026-08-25,0,0,0,
LTTS,LTTS.NS,DOWNLOADED,1007,2022-08-01,2026-08-25,0,0,0,
LUPIN,LUPIN.NS,DOWNLOADED,1007,2022-08-01,2026-08-25,0,0,0,
LUXIND,LUXIND.NS,DOWNLOADED,1007,2022-08-01,2026-08-25,0,0,0,
LXCHEM,LXCHEM.NS,DOWNLOADED,1007,2022-08-01,2026-08-25,0,0,0,
M&M,M&M.NS,DOWNLOADED,1007,2022-08-01,2026-08-25,0,0,0,
M&MFIN,M&MFIN.NS,DOWNLOADED,1007,2022-08-01,2026-08-25,0,0,0,
MAHABANK,MAHABANK.NS,DOWNLOADED,1007,2022-08-01,2026-08-25,0,0,0,
MAHLIFE,MAHLIFE.NS,DOWNLOADED,1007,2022-08-01,2026-08-25,0,0,0,
MAHLOG,MAHLOG.NS,DOWNLOADED,1007,2022-08-01,2026-08-25,0,0,0,
MAHSCOOTER,MAHSCOOTER.NS,DOWNLOADED,1007,2022-08-01,2026-08-25,1,1,0,
MAHSEAMLES,MAHSEAMLES.NS,DOWNLOADED,1007,2022-08-01,2026-08-25,0,0,0,
MANAPPURAM,MANAPPURAM.NS,DOWNLOADED,1007,2022-08-01,2026-08-25,0,0,0,
MANKIND,MANKIND.NS,DOWNLOADED,1007,2022-08-01,2026-08-25,189,189,0,
MANYAVAR,MANYAVAR.NS,DOWNLOADED,1007,2022-08-01,2026-08-25,1,1,0,
MAPMYINDIA,MAPMYINDIA.NS,DOWNLOADED,1007,2022-08-01,2026-08-25,1,1,0,
MARICO,MARICO.NS,DOWNLOADED,1007,2022-08-01,2026-08-25,0,0,0,
MARUTI,MARUTI.NS,DOWNLOADED,1007,2022-08-01,2026-08-25,0,0,0,
MASTEK,MASTEK.NS,DOWNLOADED,1007,2022-08-01,2026-08-25,0,0,0,
MAXHEALTH,MAXHEALTH.NS,DOWNLOADED,1007,2022-08-01,2026-08-25,0,0,0,
MAZDOCK,MAZDOCK.NS,DOWNLOADED,1007,2022-08-01,2026-08-25,0,0,0,
MCX,MCX.NS,DOWNLOADED,1007,2022-08-01,2026-08-25,0,0,0,
MEDANTA,MEDANTA.NS,DOWNLOADED,1007,2022-08-01,2026-08-25,74,74,0,
MEDPLUS,MEDPLUS.NS,DOWNLOADED,1007,2022-08-01,2026-08-25,2,2,0,
MEESHO,MEESHO.NS,DOWNLOADED,1007,2022-08-01,2026-08-25,829,829,0,
METROBRAND,METROBRAND.NS,DOWNLOADED,1007,2022-08-01,2026-08-25,2,2,0,
METROPOLIS,METROPOLIS.NS,DOWNLOADED,1007,2022-08-01,2026-08-25,0,0,0,
MFSL,MFSL.NS,DOWNLOADED,1007,2022-08-01,2026-08-25,0,0,0,
MGL,MGL.NS,DOWNLOADED,1007,2022-08-01,2026-08-25,1,1,0,
MHRIL,MHRIL.NS,DOWNLOADED,1007,2022-08-01,2026-08-25,0,0,0,
MINDACORP,MINDACORP.NS,DOWNLOADED,1007,2022-08-01,2026-08-25,1,1,0,
MMTC,MMTC.NS,DOWNLOADED,1007,2022-08-01,2026-08-25,0,0,0,
MOTHERSON,MOTHERSON.NS,DOWNLOADED,1007,2022-08-01,2026-08-25,0,0,0,
MOTILALOFS,MOTILALOFS.NS,DOWNLOADED,1007,2022-08-01,2026-08-25,0,0,0,
MPHASIS,MPHASIS.NS,DOWNLOADED,1007,2022-08-01,2026-08-25,0,0,0,
MRF,MRF.NS,DOWNLOADED,1007,2022-08-01,2026-08-25,1,1,0,
MRPL,MRPL.NS,DOWNLOADED,1007,2022-08-01,2026-08-25,0,0,0,
MSUMI,MSUMI.NS,DOWNLOADED,1007,2022-08-01,2026-08-25,0,0,0,
MTARTECH,MTARTECH.NS,DOWNLOADED,1007,2022-08-01,2026-08-25,0,0,0,
MUTHOOTFIN,MUTHOOTFIN.NS,DOWNLOADED,1007,2022-08-01,2026-08-25,0,0,0,
NAM-INDIA,NAM-INDIA.NS,DOWNLOADED,1007,2022-08-01,2026-08-25,0,0,0,
NATCOPHARM,NATCOPHARM.NS,DOWNLOADED,1007,2022-08-01,2026-08-25,0,0,0,
NATIONALUM,NATIONALUM.NS,DOWNLOADED,1007,2022-08-01,2026-08-25,0,0,0,
NAUKRI,NAUKRI.NS,DOWNLOADED,1007,2022-08-01,2026-08-25,0,0,0,
NAVA,NAVA.NS,DOWNLOADED,1007,2022-08-01,2026-08-25,0,0,0,
NAVINFLUOR,NAVINFLUOR.NS,DOWNLOADED,1007,2022-08-01,2026-08-25,1,1,0,
NAZARA,NAZARA.NS,DOWNLOADED,1007,2022-08-01,2026-08-25,0,0,0,
NBCC,NBCC.NS,DOWNLOADED,1007,2022-08-01,2026-08-25,0,0,0,
NCC,NCC.NS,DOWNLOADED,1007,2022-08-01,2026-08-25,0,0,0,
NESTLEIND,NESTLEIND.NS,DOWNLOADED,1007,2022-08-01,2026-08-25,0,0,0,
NETWEB,NETWEB.NS,DOWNLOADED,1007,2022-08-01,2026-08-25,244,244,0,
NETWORK18,NETWORK18.NS,DOWNLOADED,1007,2022-08-01,2026-08-25,0,0,0,
NEULANDLAB,NEULANDLAB.NS,DOWNLOADED,1007,2022-08-01,2026-08-25,0,0,0,
NEWGEN,NEWGEN.NS,DOWNLOADED,1007,2022-08-01,2026-08-25,0,0,0,
NH,NH.NS,DOWNLOADED,1007,2022-08-01,2026-08-25,0,0,0,
NHPC,NHPC.NS,DOWNLOADED,1007,2022-08-01,2026-08-25,0,0,0,
NIACL,NIACL.NS,DOWNLOADED,1007,2022-08-01,2026-08-25,0,0,0,
NIVABUPA,NIVABUPA.NS,DOWNLOADED,1007,2022-08-01,2026-08-25,565,565,0,
NLCINDIA,NLCINDIA.NS,DOWNLOADED,1007,2022-08-01,2026-08-25,0,0,0,
NMDC,NMDC.NS,DOWNLOADED,1007,2022-08-01,2026-08-25,0,0,0,
NOCIL,NOCIL.NS,DOWNLOADED,1007,2022-08-01,2026-08-25,0,0,0,
NSLNISP,NSLNISP.NS,DOWNLOADED,1007,2022-08-01,2026-08-25,138,138,0,
NTPC,NTPC.NS,DOWNLOADED,1007,2022-08-01,2026-08-25,0,0,0,
NTPCGREEN,NTPCGREEN.NS,DOWNLOADED,1007,2022-08-01,2026-08-25,571,571,0,
NUVAMA,NUVAMA.NS,DOWNLOADED,1007,2022-08-01,2026-08-25,285,285,0,
NUVOCO,NUVOCO.NS,DOWNLOADED,1007,2022-08-01,2026-08-25,0,0,0,
NYKAA,NYKAA.NS,DOWNLOADED,1007,2022-08-01,2026-08-25,0,0,0,
OBEROIRLTY,OBEROIRLTY.NS,DOWNLOADED,1007,2022-08-01,2026-08-25,1,1,0,
OFSS,OFSS.NS,DOWNLOADED,1007,2022-08-01,2026-08-25,0,0,0,
OIL,OIL.NS,DOWNLOADED,1007,2022-08-01,2026-08-25,0,0,0,
OLAELEC,OLAELEC.NS,DOWNLOADED,1007,2022-08-01,2026-08-25,497,497,0,
OLECTRA,OLECTRA.NS,DOWNLOADED,1007,2022-08-01,2026-08-25,0,0,0,
ONESOURCE,ONESOURCE.NS,DOWNLOADED,1007,2022-08-01,2026-08-25,612,612,0,
ONGC,ONGC.NS,DOWNLOADED,1007,2022-08-01,2026-08-25,0,0,0,
ORIENTELEC,ORIENTELEC.NS,DOWNLOADED,1007,2022-08-01,2026-08-25,0,0,0,
PAGEIND,PAGEIND.NS,DOWNLOADED,1007,2022-08-01,2026-08-25,2,2,0,
PARADEEP,PARADEEP.NS,DOWNLOADED,1007,2022-08-01,2026-08-25,0,0,0,
PATANJALI,PATANJALI.NS,DOWNLOADED,1007,2022-08-01,2026-08-25,0,0,0,
PAYTM,PAYTM.NS,DOWNLOADED,1007,2022-08-01,2026-08-25,0,0,0,
PCBL,PCBL.NS,DOWNLOADED,1007,2022-08-01,2026-08-25,0,0,0,
PEL,PEL.NS,NO_USABLE_DATA,1007,2022-08-01,2026-08-25,1007,1007,0,no adjusted-close observations returned
PERSISTENT,PERSISTENT.NS,DOWNLOADED,1007,2022-08-01,2026-08-25,0,0,0,
PETRONET,PETRONET.NS,DOWNLOADED,1007,2022-08-01,2026-08-25,0,0,0,
PFC,PFC.NS,DOWNLOADED,1007,2022-08-01,2026-08-25,0,0,0,
PFIZER,PFIZER.NS,DOWNLOADED,1007,2022-08-01,2026-08-25,1,1,0,
PFOCUS,PFOCUS.NS,DOWNLOADED,1007,2022-08-01,2026-08-25,1,1,0,
PGEL,PGEL.NS,DOWNLOADED,1007,2022-08-01,2026-08-25,0,0,0,
PGHH,PGHH.NS,DOWNLOADED,1007,2022-08-01,2026-08-25,1,1,0,
PGHL,PGHL.NS,DOWNLOADED,1007,2022-08-01,2026-08-25,2,2,0,
PHOENIXLTD,PHOENIXLTD.NS,DOWNLOADED,1007,2022-08-01,2026-08-25,2,2,0,
PIDILITIND,PIDILITIND.NS,DOWNLOADED,1007,2022-08-01,2026-08-25,0,0,0,
PIIND,PIIND.NS,DOWNLOADED,1007,2022-08-01,2026-08-25,0,0,0,
PINELABS,PINELABS.NS,DOWNLOADED,1007,2022-08-01,2026-08-25,811,811,0,
PIRAMALFIN,PIRAMALFIN.NS,DOWNLOADED,1007,2022-08-01,2026-08-25,806,806,0,
PNB,PNB.NS,DOWNLOADED,1007,2022-08-01,2026-08-25,0,0,0,
PNBHOUSING,PNBHOUSING.NS,DOWNLOADED,1007,2022-08-01,2026-08-25,0,0,0,
PNCINFRA,PNCINFRA.NS,DOWNLOADED,1007,2022-08-01,2026-08-25,0,0,0,
POLICYBZR,POLICYBZR.NS,DOWNLOADED,1007,2022-08-01,2026-08-25,1,1,0,
POLYCAB,POLYCAB.NS,DOWNLOADED,1007,2022-08-01,2026-08-25,0,0,0,
POLYMED,POLYMED.NS,DOWNLOADED,1007,2022-08-01,2026-08-25,0,0,0,
POLYPLEX,POLYPLEX.NS,DOWNLOADED,1007,2022-08-01,2026-08-25,0,0,0,
POONAWALLA,POONAWALLA.NS,DOWNLOADED,1007,2022-08-01,2026-08-25,0,0,0,
POWERGRID,POWERGRID.NS,DOWNLOADED,1007,2022-08-01,2026-08-25,0,0,0,
POWERINDIA,POWERINDIA.NS,DOWNLOADED,1007,2022-08-01,2026-08-25,0,0,0,
PPLPHARMA,PPLPHARMA.NS,DOWNLOADED,1007,2022-08-01,2026-08-25,53,53,0,
PRAJIND,PRAJIND.NS,DOWNLOADED,1007,2022-08-01,2026-08-25,0,0,0,
PREMIERENE,PREMIERENE.NS,DOWNLOADED,1007,2022-08-01,2026-08-25,513,513,0,
PRESTIGE,PRESTIGE.NS,DOWNLOADED,1007,2022-08-01,2026-08-25,0,0,0,
PRINCEPIPE,PRINCEPIPE.NS,DOWNLOADED,1007,2022-08-01,2026-08-25,1,1,0,
PRSMJOHNSN,PRSMJOHNSN.NS,DOWNLOADED,1007,2022-08-01,2026-08-25,2,2,0,
PTCIL,PTCIL.NS,DOWNLOADED,1007,2022-08-01,2026-08-25,212,212,0,
PVRINOX,PVRINOX.NS,DOWNLOADED,1007,2022-08-01,2026-08-25,1,1,0,
PWL,PWL.NS,DOWNLOADED,1007,2022-08-01,2026-08-25,813,813,0,
QUESS,QUESS.NS,DOWNLOADED,1007,2022-08-01,2026-08-25,0,0,0,
RADICO,RADICO.NS,DOWNLOADED,1007,2022-08-01,2026-08-25,1,1,0,
RAILTEL,RAILTEL.NS,DOWNLOADED,1007,2022-08-01,2026-08-25,0,0,0,
RAIN,RAIN.NS,DOWNLOADED,1007,2022-08-01,2026-08-25,0,0,0,
RAINBOW,RAINBOW.NS,DOWNLOADED,1007,2022-08-01,2026-08-25,1,1,0,
RAJESHEXPO,RAJESHEXPO.NS,DOWNLOADED,1007,2022-08-01,2026-08-25,0,0,0,
RALLIS,RALLIS.NS,DOWNLOADED,1007,2022-08-01,2026-08-25,0,0,0,
RAMCOCEM,RAMCOCEM.NS,DOWNLOADED,1007,2022-08-01,2026-08-25,1,1,0,
RATNAMANI,RATNAMANI.NS,DOWNLOADED,1007,2022-08-01,2026-08-25,1,1,0,
RAYMOND,RAYMOND.NS,DOWNLOADED,1007,2022-08-01,2026-08-25,0,0,0,
RAYMONDLSL,RAYMONDLSL.NS,DOWNLOADED,1007,2022-08-01,2026-08-25,515,515,0,
RAYMONDREL,RAYMONDREL.NS,DOWNLOADED,1007,2022-08-01,2026-08-25,718,718,0,
RBA,RBA.NS,DOWNLOADED,1007,2022-08-01,2026-08-25,1,1,0,
RBLBANK,RBLBANK.NS,DOWNLOADED,1007,2022-08-01,2026-08-25,0,0,0,
RCF,RCF.NS,DOWNLOADED,1007,2022-08-01,2026-08-25,0,0,0,
RECLTD,RECLTD.NS,DOWNLOADED,1007,2022-08-01,2026-08-25,0,0,0,
REDINGTON,REDINGTON.NS,DOWNLOADED,1007,2022-08-01,2026-08-25,0,0,0,
RELAXO,RELAXO.NS,DOWNLOADED,1007,2022-08-01,2026-08-25,1,1,0,
RELIANCE,RELIANCE.NS,DOWNLOADED,1007,2022-08-01,2026-08-25,0,0,0,
RELINFRA,RELINFRA.NS,DOWNLOADED,1007,2022-08-01,2026-08-25,0,0,0,
RENUKA,RENUKA.NS,DOWNLOADED,1007,2022-08-01,2026-08-25,0,0,0,
RHIM,RHIM.NS,DOWNLOADED,1007,2022-08-01,2026-08-25,1,1,0,
RITES,RITES.NS,DOWNLOADED,1007,2022-08-01,2026-08-25,0,0,0,
RKFORGE,RKFORGE.NS,DOWNLOADED,1007,2022-08-01,2026-08-25,0,0,0,
ROSSARI,ROSSARI.NS,DOWNLOADED,1007,2022-08-01,2026-08-25,0,0,0,
ROUTE,ROUTE.NS,DOWNLOADED,1007,2022-08-01,2026-08-25,0,0,0,
RPOWER,RPOWER.NS,DOWNLOADED,1007,2022-08-01,2026-08-25,0,0,0,
RRKABEL,RRKABEL.NS,DOWNLOADED,1007,2022-08-01,2026-08-25,283,283,0,
RTNINDIA,RTNINDIA.NS,DOWNLOADED,1007,2022-08-01,2026-08-25,0,0,0,
RUSTOMJEE,RUSTOMJEE.NS,DOWNLOADED,1007,2022-08-01,2026-08-25,79,79,0,
RVNL,RVNL.NS,DOWNLOADED,1007,2022-08-01,2026-08-25,0,0,0,
SAFARI,SAFARI.NS,DOWNLOADED,1007,2022-08-01,2026-08-25,2,2,0,
SAGILITY,SAGILITY.NS,DOWNLOADED,1007,2022-08-01,2026-08-25,562,562,0,
SAIL,SAIL.NS,DOWNLOADED,1007,2022-08-01,2026-08-25,0,0,0,
SAILIFE,SAILIFE.NS,DOWNLOADED,1007,2022-08-01,2026-08-25,586,586,0,
SAMMAANCAP,SAMMAANCAP.NS,DOWNLOADED,1007,2022-08-01,2026-08-25,0,0,0,
SANOFI,SANOFI.NS,DOWNLOADED,1007,2022-08-01,2026-08-25,1,1,0,
SANOFICONR,SANOFICONR.NS,DOWNLOADED,1007,2022-08-01,2026-08-25,522,522,0,
SAPPHIRE,SAPPHIRE.NS,DOWNLOADED,1007,2022-08-01,2026-08-25,0,0,0,
SARDAEN,SARDAEN.NS,DOWNLOADED,1007,2022-08-01,2026-08-25,0,0,0,
SAREGAMA,SAREGAMA.NS,DOWNLOADED,1007,2022-08-01,2026-08-25,1,1,0,
SBFC,SBFC.NS,DOWNLOADED,1007,2022-08-01,2026-08-25,258,258,0,
SBICARD,SBICARD.NS,DOWNLOADED,1007,2022-08-01,2026-08-25,0,0,0,
SBILIFE,SBILIFE.NS,DOWNLOADED,1007,2022-08-01,2026-08-25,0,0,0,
SBIN,SBIN.NS,DOWNLOADED,1007,2022-08-01,2026-08-25,0,0,0,
SCHAEFFLER,SCHAEFFLER.NS,DOWNLOADED,1007,2022-08-01,2026-08-25,0,0,0,
SCHNEIDER,SCHNEIDER.NS,DOWNLOADED,1007,2022-08-01,2026-08-25,0,0,0,
SCI,SCI.NS,DOWNLOADED,1007,2022-08-01,2026-08-25,0,0,0,
SFL,SFL.NS,DOWNLOADED,1007,2022-08-01,2026-08-25,0,0,0,
SHARDACROP,SHARDACROP.NS,DOWNLOADED,1007,2022-08-01,2026-08-25,1,1,0,
SHOPERSTOP,SHOPERSTOP.NS,DOWNLOADED,1007,2022-08-01,2026-08-25,0,0,0,
SHREECEM,SHREECEM.NS,DOWNLOADED,1007,2022-08-01,2026-08-25,0,0,0,
SHRIRAMFIN,SHRIRAMFIN.NS,DOWNLOADED,1007,2022-08-01,2026-08-25,0,0,0,
SHYAMMETL,SHYAMMETL.NS,DOWNLOADED,1007,2022-08-01,2026-08-25,0,0,0,
SIEMENS,SIEMENS.NS,DOWNLOADED,1007,2022-08-01,2026-08-25,1,1,0,
SIGNATURE,SIGNATURE.NS,DOWNLOADED,1007,2022-08-01,2026-08-25,288,288,0,
SJVN,SJVN.NS,DOWNLOADED,1007,2022-08-01,2026-08-25,0,0,0,
SKFINDIA,SKFINDIA.NS,DOWNLOADED,1007,2022-08-01,2026-08-25,0,0,0,
SKFINDUS,SKFINDUS.NS,DOWNLOADED,1007,2022-08-01,2026-08-25,829,829,0,
SOBHA,SOBHA.NS,DOWNLOADED,1007,2022-08-01,2026-08-25,1,1,0,
SOLARINDS,SOLARINDS.NS,DOWNLOADED,1007,2022-08-01,2026-08-25,1,1,0,
SONACOMS,SONACOMS.NS,DOWNLOADED,1007,2022-08-01,2026-08-25,0,0,0,
SONATSOFTW,SONATSOFTW.NS,DOWNLOADED,1007,2022-08-01,2026-08-25,0,0,0,
SPARC,SPARC.NS,DOWNLOADED,1007,2022-08-01,2026-08-25,0,0,0,
SPLPETRO,SPLPETRO.NS,DOWNLOADED,1007,2022-08-01,2026-08-25,0,0,0,
SRF,SRF.NS,DOWNLOADED,1007,2022-08-01,2026-08-25,0,0,0,
STARHEALTH,STARHEALTH.NS,DOWNLOADED,1007,2022-08-01,2026-08-25,0,0,0,
STLTECH,STLTECH.NS,DOWNLOADED,1007,2022-08-01,2026-08-25,0,0,0,
SUMICHEM,SUMICHEM.NS,DOWNLOADED,1007,2022-08-01,2026-08-25,0,0,0,
SUNDARMFIN,SUNDARMFIN.NS,DOWNLOADED,1007,2022-08-01,2026-08-25,0,0,0,
SUNDRMFAST,SUNDRMFAST.NS,DOWNLOADED,1007,2022-08-01,2026-08-25,1,1,0,
SUNPHARMA,SUNPHARMA.NS,DOWNLOADED,1007,2022-08-01,2026-08-25,0,0,0,
SUNTECK,SUNTECK.NS,DOWNLOADED,1007,2022-08-01,2026-08-25,0,0,0,
SUNTV,SUNTV.NS,DOWNLOADED,1007,2022-08-01,2026-08-25,0,0,0,
SUPRAJIT,SUPRAJIT.NS,DOWNLOADED,1007,2022-08-01,2026-08-25,1,1,0,
SUPREMEIND,SUPREMEIND.NS,DOWNLOADED,1007,2022-08-01,2026-08-25,0,0,0,
SUZLON,SUZLON.NS,DOWNLOADED,1007,2022-08-01,2026-08-25,0,0,0,
SWANCORP,SWANCORP.NS,DOWNLOADED,1007,2022-08-01,2026-08-25,0,0,0,
SWIGGY,SWIGGY.NS,DOWNLOADED,1007,2022-08-01,2026-08-25,563,563,0,
SWSOLAR,SWSOLAR.NS,DOWNLOADED,1007,2022-08-01,2026-08-25,0,0,0,
SYMPHONY,SYMPHONY.NS,DOWNLOADED,1007,2022-08-01,2026-08-25,0,0,0,
SYNGENE,SYNGENE.NS,DOWNLOADED,1007,2022-08-01,2026-08-25,0,0,0,
SYRMA,SYRMA.NS,DOWNLOADED,1007,2022-08-01,2026-08-25,17,17,0,
TANLA,TANLA.NS,DOWNLOADED,1007,2022-08-01,2026-08-25,0,0,0,
TARIL,TARIL.NS,DOWNLOADED,1007,2022-08-01,2026-08-25,0,0,0,
TATACAP,TATACAP.NS,DOWNLOADED,1007,2022-08-01,2026-08-25,789,789,0,
TATACHEM,TATACHEM.NS,DOWNLOADED,1007,2022-08-01,2026-08-25,0,0,0,
TATACOMM,TATACOMM.NS,DOWNLOADED,1007,2022-08-01,2026-08-25,0,0,0,
TATACONSUM,TATACONSUM.NS,DOWNLOADED,1007,2022-08-01,2026-08-25,0,0,0,
TATAELXSI,TATAELXSI.NS,DOWNLOADED,1007,2022-08-01,2026-08-25,0,0,0,
TATAINVEST,TATAINVEST.NS,DOWNLOADED,1007,2022-08-01,2026-08-25,0,0,0,
TATAMTRDVR,TATAMTRDVR.NS,NO_USABLE_DATA,1007,2022-08-01,2026-08-25,1007,1007,0,no adjusted-close observations returned
TATAPOWER,TATAPOWER.NS,DOWNLOADED,1007,2022-08-01,2026-08-25,0,0,0,
TATASTEEL,TATASTEEL.NS,DOWNLOADED,1007,2022-08-01,2026-08-25,0,0,0,
TATATECH,TATATECH.NS,DOWNLOADED,1007,2022-08-01,2026-08-25,328,328,0,
TBOTEK,TBOTEK.NS,DOWNLOADED,1007,2022-08-01,2026-08-25,438,438,0,
TCI,TCI.NS,DOWNLOADED,1007,2022-08-01,2026-08-25,1,1,0,
TCIEXP,TCIEXP.NS,DOWNLOADED,1007,2022-08-01,2026-08-25,2,2,0,
TCNSBRANDS,TCNSBRANDS.NS,NO_USABLE_DATA,1007,2022-08-01,2026-08-25,1007,1007,0,no adjusted-close observations returned
TCS,TCS.NS,DOWNLOADED,1007,2022-08-01,2026-08-25,0,0,0,
TEAMLEASE,TEAMLEASE.NS,DOWNLOADED,1007,2022-08-01,2026-08-25,1,1,0,
TECHM,TECHM.NS,DOWNLOADED,1007,2022-08-01,2026-08-25,0,0,0,
TECHNOE,TECHNOE.NS,DOWNLOADED,1007,2022-08-01,2026-08-25,0,0,0,
TEGA,TEGA.NS,DOWNLOADED,1007,2022-08-01,2026-08-25,1,1,0,
TEJASNET,TEJASNET.NS,DOWNLOADED,1007,2022-08-01,2026-08-25,0,0,0,
TENNIND,TENNIND.NS,DOWNLOADED,1007,2022-08-01,2026-08-25,814,814,0,
THELEELA,THELEELA.NS,DOWNLOADED,1007,2022-08-01,2026-08-25,698,698,0,
THERMAX,THERMAX.NS,DOWNLOADED,1007,2022-08-01,2026-08-25,1,1,0,
TIINDIA,TIINDIA.NS,DOWNLOADED,1007,2022-08-01,2026-08-25,0,0,0,
TIMKEN,TIMKEN.NS,DOWNLOADED,1007,2022-08-01,2026-08-25,1,1,0,
TITAGARH,TITAGARH.NS,DOWNLOADED,1007,2022-08-01,2026-08-25,0,0,0,
TITAN,TITAN.NS,DOWNLOADED,1007,2022-08-01,2026-08-25,0,0,0,
TMB,TMB.NS,DOWNLOADED,1007,2022-08-01,2026-08-25,31,31,0,
TMCV,TMCV.NS,DOWNLOADED,1007,2022-08-01,2026-08-25,809,809,0,
TMPV,TMPV.NS,DOWNLOADED,1007,2022-08-01,2026-08-25,0,0,0,
TORNTPHARM,TORNTPHARM.NS,DOWNLOADED,1007,2022-08-01,2026-08-25,0,0,0,
TORNTPOWER,TORNTPOWER.NS,DOWNLOADED,1007,2022-08-01,2026-08-25,0,0,0,
TRAVELFOOD,TRAVELFOOD.NS,DOWNLOADED,1007,2022-08-01,2026-08-25,727,727,0,
TRENT,TRENT.NS,DOWNLOADED,1007,2022-08-01,2026-08-25,0,0,0,
TRIDENT,TRIDENT.NS,DOWNLOADED,1007,2022-08-01,2026-08-25,0,0,0,
TRITURBINE,TRITURBINE.NS,DOWNLOADED,1007,2022-08-01,2026-08-25,0,0,0,
TRIVENI,TRIVENI.NS,DOWNLOADED,1007,2022-08-01,2026-08-25,0,0,0,
TTKPRESTIG,TTKPRESTIG.NS,DOWNLOADED,1007,2022-08-01,2026-08-25,0,0,0,
TTML,TTML.NS,DOWNLOADED,1007,2022-08-01,2026-08-25,0,0,0,
TV18BRDCST,TV18BRDCST.NS,NO_USABLE_DATA,1007,2022-08-01,2026-08-25,1007,1007,0,no adjusted-close observations returned
TVSMOTOR,TVSMOTOR.NS,DOWNLOADED,1007,2022-08-01,2026-08-25,0,0,0,
TVSSCS,TVSSCS.NS,DOWNLOADED,1007,2022-08-01,2026-08-25,263,263,0,
UBL,UBL.NS,DOWNLOADED,1007,2022-08-01,2026-08-25,0,0,0,
UCOBANK,UCOBANK.NS,DOWNLOADED,1007,2022-08-01,2026-08-25,0,0,0,
UFLEX,UFLEX.NS,DOWNLOADED,1007,2022-08-01,2026-08-25,1,1,0,
UJJIVANSFB,UJJIVANSFB.NS,DOWNLOADED,1007,2022-08-01,2026-08-25,0,0,0,
ULTRACEMCO,ULTRACEMCO.NS,DOWNLOADED,1007,2022-08-01,2026-08-25,0,0,0,
UNIONBANK,UNIONBANK.NS,DOWNLOADED,1007,2022-08-01,2026-08-25,0,0,0,
UNITDSPR,UNITDSPR.NS,DOWNLOADED,1007,2022-08-01,2026-08-25,0,0,0,
UNOMINDA,UNOMINDA.NS,DOWNLOADED,1007,2022-08-01,2026-08-25,0,0,0,
UPL,UPL.NS,DOWNLOADED,1007,2022-08-01,2026-08-25,0,0,0,
URBANCO,URBANCO.NS,DOWNLOADED,1007,2022-08-01,2026-08-25,772,772,0,
USHAMART,USHAMART.NS,DOWNLOADED,1007,2022-08-01,2026-08-25,0,0,0,
UTIAMC,UTIAMC.NS,DOWNLOADED,1007,2022-08-01,2026-08-25,0,0,0,
VAIBHAVGBL,VAIBHAVGBL.NS,DOWNLOADED,1007,2022-08-01,2026-08-25,1,1,0,
VAML,VAML.NS,DOWNLOADED,1007,2022-08-01,2026-08-25,955,955,0,
VARROC,VARROC.NS,DOWNLOADED,1007,2022-08-01,2026-08-25,1,1,0,
VBL,VBL.NS,DOWNLOADED,1007,2022-08-01,2026-08-25,0,0,0,
VEDL,VEDL.NS,DOWNLOADED,1007,2022-08-01,2026-08-25,0,0,0,
VEDPOWER,VEDPOWER.NS,DOWNLOADED,1007,2022-08-01,2026-08-25,955,955,0,
VENTIVE,VENTIVE.NS,DOWNLOADED,1007,2022-08-01,2026-08-25,593,593,0,
VGUARD,VGUARD.NS,DOWNLOADED,1007,2022-08-01,2026-08-25,1,1,0,
VIJAYA,VIJAYA.NS,DOWNLOADED,1007,2022-08-01,2026-08-25,1,1,0,
VINATIORGA,VINATIORGA.NS,DOWNLOADED,1007,2022-08-01,2026-08-25,0,0,0,
VIPIND,VIPIND.NS,DOWNLOADED,1007,2022-08-01,2026-08-25,1,1,0,
VISL,VISL.NS,DOWNLOADED,1007,2022-08-01,2026-08-25,955,955,0,
VMART,VMART.NS,DOWNLOADED,1007,2022-08-01,2026-08-25,1,1,0,
VMM,VMM.NS,DOWNLOADED,1007,2022-08-01,2026-08-25,586,586,0,
VOGL,VOGL.NS,DOWNLOADED,1007,2022-08-01,2026-08-25,955,955,0,
VOLTAS,VOLTAS.NS,DOWNLOADED,1007,2022-08-01,2026-08-25,0,0,0,
VTL,VTL.NS,DOWNLOADED,1007,2022-08-01,2026-08-25,0,0,0,
WAAREEENER,WAAREEENER.NS,DOWNLOADED,1007,2022-08-01,2026-08-25,551,551,0,
WELCORP,WELCORP.NS,DOWNLOADED,1007,2022-08-01,2026-08-25,0,0,0,
WELSPUNLIV,WELSPUNLIV.NS,DOWNLOADED,1007,2022-08-01,2026-08-25,0,0,0,
WESTLIFE,WESTLIFE.NS,DOWNLOADED,1007,2022-08-01,2026-08-25,1,1,0,
WHIRLPOOL,WHIRLPOOL.NS,DOWNLOADED,1007,2022-08-01,2026-08-25,0,0,0,
WIPRO,WIPRO.NS,DOWNLOADED,1007,2022-08-01,2026-08-25,0,0,0,
WOCKPHARMA,WOCKPHARMA.NS,DOWNLOADED,1007,2022-08-01,2026-08-25,0,0,0,
YESBANK,YESBANK.NS,DOWNLOADED,1007,2022-08-01,2026-08-25,0,0,0,
ZEEL,ZEEL.NS,DOWNLOADED,1007,2022-08-01,2026-08-25,0,0,0,
ZENSARTECH,ZENSARTECH.NS,DOWNLOADED,1007,2022-08-01,2026-08-25,0,0,0,
ZENTEC,ZENTEC.NS,DOWNLOADED,1007,2022-08-01,2026-08-25,0,0,0,
ZFCVINDIA,ZFCVINDIA.NS,DOWNLOADED,1007,2022-08-01,2026-08-25,0,0,0,
ZYDUSLIFE,ZYDUSLIFE.NS,DOWNLOADED,1007,2022-08-01,2026-08-25,0,0,0,
ZYDUSWELL,ZYDUSWELL.NS,DOWNLOADED,1007,2022-08-01,2026-08-25,0,0,0,
