Entry_ID,Symbol,Seed_Date,Signal_Date,Base_Age,Original_Pivot,Active_Pivot,ATR14_Seed,ATR14_Signal,Base_Low,Base_Depth_ATR,Initial_TR_Mean,Final_TR_Mean,Contraction_Ratio,Final_5_Prebreakout_Low,Close,SMA50,SMA200,Median_Traded_Value_20,RS21,RS63,RS126,Composite_RS,RS_Coverage,Breakout_Volume_Ratio,Signal_Extension_ATR,Membership_OK,RS_Coverage_OK,Liquidity_OK,Trend_OK,RS_OK,Contraction_OK,Extension_OK,Signal_Qualified,Signal_Rejection_Reason,Entry_Date,Entry_Open,Structural_Stop,Initial_Risk
AJANTPHARM-2023-08-16,AJANTPHARM,2023-07-28,2023-08-16,12,1641.2895641536438,1699.9365242387526,57.060496649754846,55.10050533338799,1537.1832466861597,2.852293392249892,68.6955713156367,41.305730302262646,0.6012866551829741,1609.2233118061117,1701.6163330078125,1445.8310083007811,1236.887632446289,288861684.9273071,97.75051124744377,91.8200408997955,87.93456032719837,92.43353783231083,0.9741035856573705,1.363154507755695,0.030486267937039603,True,True,True,True,True,True,True,True,,2023-08-17,1700.992309272465,1595.4481854727646,105.5441237997004
INTELLECT-2023-08-31,INTELLECT,2023-07-28,2023-08-31,23,679.7160577475164,717.4018284937719,26.732163657846318,24.632566928302342,639.380654041004,2.9186254974115178,30.698140003415073,20.09902909387149,0.65473116910782,672.3555872667881,721.3274536132812,638.5168737792969,499.5482322692871,387950170.3425598,77.75510204081633,70.61224489795919,87.95918367346938,77.95918367346938,0.9760956175298805,2.6749112078909496,0.1593672771065903,True,True,True,True,True,True,True,True,,2023-09-01,727.0685876915489,666.1974455347125,60.87114215683641
HEG-2023-09-08,HEG,2023-07-31,2023-09-08,28,348.0824193024242,353.0604878489653,12.750356213367636,11.045950104789345,320.7029875750384,2.5377722576882125,12.211611333595226,7.925981167898646,0.6490528523532001,340.7038069394777,357.1991271972656,326.04693359375,240.1326833343506,309210680.48301697,56.53061224489796,86.73469387755102,95.51020408163265,80.3061224489796,0.9780439121756487,14.662769876830623,0.37467481828529026,True,True,True,True,True,True,True,True,,2023-09-11,360.11179837761483,337.94231941328036,22.169478964334473
ETERNAL-2023-09-15,ETERNAL,2023-08-04,2023-09-15,29,98.4000015258789,102.8499984741211,3.754647243203921,3.423542410247301,88.30000305175781,3.875196384613607,4.669999694824218,3.480000305175781,0.7451821268923595,96.5,102.94999694824219,89.82600006103516,67.36850008010865,6669233461.239891,80.20408163265306,88.57142857142857,96.53061224489797,88.44897959183675,0.9780439121756487,2.1772116732011,0.0292090653884642,True,True,True,True,True,True,True,True,,2023-09-18,103.5999984741211,95.64411439743817,7.955884076682921
TORNTPOWER-2023-10-03,TORNTPOWER,2023-09-08,2023-10-03,15,703.1327333766327,717.8692864991777,19.44957606044835,18.24120775441765,669.1472621372768,2.5050429999335315,24.817012524519942,14.890204824178522,0.5999998915851197,681.8197350724141,718.0133056640625,652.5991162109375,543.6481103515625,283549555.7229004,88.36734693877551,76.32653061224491,68.36734693877551,77.55102040816327,0.9780439121756487,0.8113636141349531,0.007895264766658586,True,True,True,True,True,True,True,True,,2023-10-04,718.0133339584579,677.2594331338097,40.75390082464821
SUNDARMFIN-2023-11-07,SUNDARMFIN,2023-10-10,2023-11-07,19,3243.5090374182746,3255.043296796554,110.5375576695723,111.69781650949334,2876.461513734876,3.4249153956645655,116.96658664080442,83.800306272118,0.7164465398093767,3071.6177268753586,3264.378662109375,2930.306572265625,2510.1151293945313,201850256.54821777,79.55010224948876,90.38854805725971,78.32310838445807,83.51738241308793,0.9760479041916168,1.598199582830168,0.0835769722680984,True,True,True,True,True,True,True,True,,2023-11-08,3275.5706832278697,3043.6932727479852,231.87741047988447
SUNTV-2023-11-13,SUNTV,2023-10-18,2023-11-13,17,620.2056222361489,621.7915503151735,18.233770554926956,15.377722273166297,572.9997544825532,2.6759026985472443,17.08177168180355,9.795666973116363,0.5734573178700926,598.42197961387,627.1558837890625,582.4447265625,466.15376739501954,610652379.6975403,78.57142857142857,85.3061224489796,84.48979591836735,83.0408163265306,0.9780439121756487,2.2280321420305462,0.3488379734396448,True,True,True,True,True,True,True,True,,2023-11-15,630.6077096951634,594.5775490455784,36.030160649585014
WELSPUNLIV-2023-11-13,WELSPUNLIV,2023-10-30,2023-11-13,10,155.92654127965667,156.37063199502828,7.981211429166812,7.267124402376167,144.52810829634396,1.483800273152343,7.164723520181264,5.19097277762832,0.7245182264195718,145.169586728806,156.56800842285156,129.17231170654296,97.50636276245118,763532364.5474548,98.16326530612245,91.83673469387756,90.81632653061224,93.42857142857143,0.9780439121756487,1.794098048146836,0.027160182885922417,True,True,True,True,True,True,True,True,,2023-11-15,157.9003038831177,143.35280562821197,14.547498254905719
BAJAJ-AUTO-2023-11-15,BAJAJ-AUTO,2023-10-19,2023-11-15,17,5242.198087165852,5256.507630345472,103.89074843898617,88.15720813902571,4995.113303882436,2.5160500852157117,102.82174489511817,55.77040182945511,0.5423989048847877,5102.962623321685,5281.9794921875,4880.52818359375,4277.197362060547,2032916009.7070312,86.73469387755102,80.0,57.95918367346938,75.40816326530611,0.9780439121756487,1.6109889778198117,0.2889368025568452,True,True,True,True,True,True,True,True,,2023-11-16,5266.048039261652,5080.9233212869285,185.12471797472335
SHRIRAMFIN-2023-11-15,SHRIRAMFIN,2023-10-27,2023-11-15,12,387.1752917342038,387.7264435574864,11.799213024795943,10.240417738942915,355.80558287424094,2.705338111632025,10.518225599071751,7.477466972524849,0.7109057418567583,371.25326213715,392.2251892089844,364.2929962158203,300.7372104644775,1753221132.2922516,85.91836734693878,69.38775510204081,84.6938775510204,78.93877551020408,0.9780439121756487,1.299480667587331,0.439312708346835,True,True,True,True,True,True,True,True,,2023-11-16,392.427483055073,368.6931577024143,23.734325352658743
RATNAMANI-2023-11-23,RATNAMANI,2023-11-08,2023-11-23,10,3341.2168616871436,3517.38419777787,125.31505046491888,111.86564026886437,3235.4867140193987,2.2495101962025448,127.8125240083521,93.998657773203,0.7354416830627688,3322.2890947201367,3522.16552734375,2810.84146484375,2416.7953283691404,122506600.93811035,98.77551020408163,93.6734693877551,80.20408163265306,91.16326530612245,0.9780439121756487,0.5055683085197088,0.042741717245689224,True,True,True,True,True,True,True,True,,2023-11-24,3524.0385638949574,3294.3226846529205,229.71587924203686
BLUESTARCO-2023-11-24,BLUESTARCO,2023-11-03,2023-11-24,14,964.575879285942,985.3368554346033,38.6352799443106,33.66159561260272,899.679011979288,2.217088722503982,39.7369742562568,23.57189701601128,0.5931980845849066,946.9708526111125,996.0379638671875,892.2809423828126,766.333264465332,195108811.02017212,76.53061224489795,93.46938775510203,72.6530612244898,82.14285714285714,0.9780439121756487,1.7015122463448564,0.31790259011304134,True,True,True,True,True,True,True,True,,2023-11-28,996.1365336174207,938.5554537079618,57.581079909458936
JSL-2023-12-13,JSL,2023-11-24,2023-12-13,12,540.9544313984402,548.2144536675096,22.257217984881283,20.23271573650616,486.57740607240794,2.7693060128615357,22.11628906874696,14.60916437933447,0.6605612873806672,520.7050913956056,552.4619140625,480.4336669921875,374.0090298461914,1030853592.9098511,87.14285714285714,69.18367346938776,91.42857142857143,81.24489795918367,0.9780439121756487,1.4555155032646752,0.209930315351916,True,True,True,True,True,True,True,True,,2023-12-14,558.042889917752,515.646912461479,42.39597745627293
MINDACORP-2023-12-19,MINDACORP,2023-11-29,2023-12-19,14,372.4473297472005,387.924609171875,13.714848432443242,12.782910239745167,358.35900184767104,2.155737080860831,12.58025917720696,9.564170856433133,0.7602522906492732,371.15751380953725,397.8955993652344,349.0389038085938,296.2377705383301,269434449.651062,86.3265306122449,69.59183673469389,75.10204081632654,76.26530612244898,0.9780439121756487,2.966069295417655,0.7800250495663478,True,True,True,True,True,True,True,True,,2023-12-20,397.84597873996216,367.96178624960095,29.884192490361215
HAL-2024-01-03,HAL,2023-12-11,2024-01-03,16,2727.3104465689926,2772.7819648379414,76.53083139018686,78.60720358530024,2506.255816437281,3.482598366686968,71.5422007160627,52.76221639934838,0.7374978106803217,2664.7267789370194,2782.57421875,2281.6972143554685,1834.0986138916016,4448741523.170898,84.48979591836735,94.6938775510204,80.61224489795919,87.40816326530611,0.9780439121756487,1.278559989274103,0.12457196625030201,True,True,True,True,True,True,True,True,,2024-01-04,2788.391312973444,2645.0749780406945,143.31633493274967
PRESTIGE-2024-01-03,PRESTIGE,2023-12-08,2024-01-03,17,1188.4916267447838,1227.161429247194,53.111673506250284,57.68071604324892,1037.5507899760044,3.570036994764926,87.7839703735805,41.13130011362223,0.4685513760494151,1114.2420033492774,1254.0205078125,973.4838012695312,650.4548908996582,943110557.069458,84.28571428571429,100.0,96.93877551020408,94.36734693877551,0.9780439121756487,0.897008293930703,0.4656509212744002,True,True,True,True,True,True,True,True,,2024-01-04,1240.3666984343708,1099.8218243384651,140.5448740959057
HDFCAMC-2024-01-04,HDFCAMC,2023-12-19,2024-01-04,11,1478.116255707221,1552.796044054422,31.13434728129518,33.86795180703203,1439.3489643308699,3.6437918128994675,50.036616042220246,22.679973852363446,0.45326753977979606,1501.381534804988,1569.73779296875,1391.4278881835937,1121.7974487304687,1206242859.6586914,70.20408163265306,74.89795918367346,73.06122448979592,72.93877551020408,0.9780439121756487,1.5060598328364896,0.5002295093265816,True,True,True,True,True,True,True,True,,2024-01-05,1575.7072746159236,1492.91454685323,82.79272776269363
FSL-2024-01-05,FSL,2023-12-15,2024-01-05,14,183.4521783055884,183.4521783055884,5.334979555098352,5.856062325933771,163.7660195006754,3.6900157913632476,8.8730363290799,4.346172264639682,0.489817927420834,172.89584377801393,183.7850341796875,163.86778778076172,139.56417625427247,325633910.04052734,77.55102040816327,64.28571428571429,75.71428571428571,71.6938775510204,0.9780439121756487,3.746499348762918,0.05683953748665415,True,True,True,True,True,True,True,True,,2024-01-08,184.83117924401816,171.4318281965305,13.39935104748767
SWSOLAR-2024-01-11,SWSOLAR,2023-12-12,2024-01-11,21,444.3500061035156,461.0,18.51851917070922,17.76549081890831,408.3500061035156,2.8430995702810287,24.0199951171875,13.329998779296876,0.5549542668207539,435.6000061035156,469.0,372.2320001220703,335.69374908447264,654189763.5483398,68.36734693877551,89.18367346938776,86.12244897959184,82.0204081632653,0.9780439121756487,3.427210593879527,0.45031122874946833,True,True,True,True,True,True,True,True,,2024-01-12,475.20001220703125,431.15863339878854,44.04137880824271
BEL-2024-01-15,BEL,2023-12-26,2024-01-15,14,180.2133982569171,184.26698135015005,5.1059897966226355,4.536577398773181,174.93887154608558,1.826895504224188,4.532197923907273,3.438209542955684,0.7586185777146188,177.8203481829935,184.26699829101562,157.09335998535155,128.48211944580078,3561710954.1038895,86.12244897959184,85.10204081632654,76.73469387755102,82.89795918367346,0.9780439121756487,1.2256537345139293,3.7342833790269424e-06,True,True,True,True,True,True,True,True,,2024-01-16,184.51120766337522,176.68620383330023,7.825003830074991
HCLTECH-2024-02-06,HCLTECH,2024-01-15,2024-02-06,14,1452.56507457106,1458.6191444768338,32.338931396624425,37.67787909099686,1360.1431779705867,3.0451212286045433,45.16766856222448,32.355536703904406,0.7163428561589436,1397.5683449819248,1467.521484375,1313.2586987304687,1111.0780694580078,4071035941.812744,81.83673469387756,63.87755102040816,73.06122448979592,72.02040816326532,0.9780439121756487,1.6726170297876934,0.23627497388231344,True,True,True,True,True,True,True,True,,2024-02-07,1471.3625945906078,1388.1488752091757,83.21371938143216
ACC-2024-02-09,ACC,2024-01-25,2024-02-09,10,2531.5295470370797,2551.5249875425243,77.96785842351723,77.6146240194464,2424.146237390213,1.6337341146449935,86.4793660101218,57.13278841651627,0.6606522579019518,2438.216844747131,2595.021484375,2238.394304199219,1954.0611566162108,599417873.9676514,82.24489795918367,82.6530612244898,60.0,75.73469387755102,0.9780439121756487,7.507505250903894,0.5604162537922961,True,True,True,True,True,True,True,True,,2024-02-12,2612.7456655513874,2418.813188742269,193.93247680911827
JBMA-2024-02-12,JBMA,2024-01-08,2024-02-12,23,960.1895497057682,1023.0812676816474,40.23071964076865,47.04495974935082,880.4835333581073,3.5444987212964434,47.63901439046499,37.07139535572692,0.7781730128141947,966.975195442439,1031.1890869140625,828.7571789550781,655.6119085693359,294332886.15283203,74.48979591836735,97.14285714285714,81.42857142857143,85.63265306122449,0.9780439121756487,3.166912366912367,0.1723419315397958,True,True,True,True,True,True,True,True,,2024-02-13,1047.7041087618961,955.2139555051014,92.49015325679477
AMBUJACEM-2024-02-23,AMBUJACEM,2024-01-29,2024-02-23,19,572.2201867106238,589.8147844848891,17.810463588566954,16.436890613849517,540.6881968375662,2.758299210069893,19.957043911461504,13.146536796313512,0.6587416881296404,566.4376274587786,595.9926147460938,538.3050366210938,457.7523765563965,1807230422.6140747,83.09572301425662,87.37270875763747,59.47046843177189,77.71894093686355,0.9800399201596807,1.5064084900960693,0.3758515163445407,True,True,True,True,True,True,True,True,,2024-02-26,595.9925631743444,562.3284048053163,33.66415836902809
BOSCHLTD-2024-03-26,BOSCHLTD,2024-03-05,2024-03-26,13,29506.4129701762,29719.103541208726,770.4354120051029,744.7192286278168,27424.868268985105,2.9778424465884044,921.360573767699,519.8588268546497,0.5642295119366816,28658.188773629183,29926.18359375,26044.1378125,20838.91783203125,1157333359.9472656,92.26069246435846,95.72301425661914,90.020366598778,92.97352342158858,0.9800399201596807,1.0006539886898427,0.27806459747632645,True,True,True,True,True,True,True,True,,2024-03-27,29945.352139077313,28472.00896647223,1473.343172605084
DIXON-2024-03-26,DIXON,2024-03-04,2024-03-26,14,7175.040498561426,7230.196365488754,213.36880935018286,206.0989293196631,6498.28395477415,3.4302689926594803,196.04271679484935,154.81577081236975,0.789704271311329,6833.6147189058765,7239.83837890625,6560.70375,5465.733822021484,1980917932.557373,90.63136456211812,65.17311608961303,85.5397148676171,78.92057026476579,0.9800399201596807,0.6443337280715792,0.0467834231323978,True,True,True,True,True,True,True,True,,2024-03-27,7249.181117402561,6782.089986575961,467.0911308265995
OFSS-2024-03-26,OFSS,2024-03-07,2024-03-26,11,7540.218728748931,7821.684318088599,263.6236776700227,310.65620608281966,7108.57773346008,2.7050172083598403,417.234536700569,278.1474116029782,0.6666452250154749,7309.785663422202,7881.30419921875,6573.15162109375,4360.630726318359,2019375019.5446777,94.70468431771894,100.0,98.77800407331976,98.04480651731161,0.9800399201596807,1.8855150256631275,0.1919159506964964,True,True,True,True,True,True,True,True,,2024-03-27,7908.912071265515,7232.121611901497,676.7904593640178
CESC-2024-04-29,CESC,2024-04-09,2024-04-29,12,131.50801586595423,132.95714675623103,5.088643842604312,4.716789818255323,120.91130233743102,2.3672013195238812,5.307415203966244,3.486955770366387,0.6569969818378967,127.29651435763853,133.5005645751953,117.70420852661132,95.32392520904541,731179778.1212692,92.62295081967213,68.44262295081968,87.09016393442623,81.29098360655738,0.9740518962075848,3.0941890063477637,0.11520925033825004,True,True,True,True,True,True,True,True,,2024-04-30,134.6779820403948,126.1173169030747,8.5606651373201
TATAPOWER-2024-04-29,TATAPOWER,2024-04-09,2024-04-29,12,428.94131684317455,436.85826014617675,11.939125954962078,11.083461232365284,410.30450188621376,2.224095663294921,14.506212877729684,6.6089306971692166,0.45559311399017305,419.69665271489134,440.5954284667969,393.6612091064453,303.93881561279295,6212614655.457413,75.81967213114754,85.04098360655738,90.77868852459017,83.99590163934425,0.9740518962075848,1.5350792394479935,0.3371842281278582,True,True,True,True,True,True,True,True,,2024-04-30,444.18512539515183,416.9257874068,27.25933798835183
KPIL-2024-04-30,KPIL,2024-04-10,2024-04-30,12,1179.105250884236,1195.726063914963,49.5969068623319,52.276056751246166,1080.357514786178,2.3261238739951713,62.787826413569654,33.926110855049004,0.5403294363398591,1135.6464262681252,1198.31689453125,1047.4648046875,751.2992059326172,308077431.64172363,77.45901639344262,99.18032786885246,88.11475409836066,89.34426229508196,0.9740518962075848,7.777506550795603,0.04956055940897136,True,True,True,True,True,True,True,True,,2024-05-02,1204.5253338303362,1122.5774120803137,81.94792175002249
PNB-2024-04-30,PNB,2024-04-03,2024-04-30,17,127.5894393279869,129.59615467855187,4.15872396044049,3.886479346984955,116.90253778647262,3.052286473645812,3.5280756015298578,2.744061143995407,0.7777784418240687,123.34266824599993,131.6495361328125,119.49633010864258,85.55679197311402,5145804514.6371765,76.63934426229508,92.21311475409836,94.05737704918032,88.09426229508196,0.9740518962075848,2.3160420241262183,0.5283397313956136,True,True,True,True,True,True,True,True,,2024-05-02,131.69618788258555,122.37104840925369,9.325139473331859
PRESTIGE-2024-05-21,PRESTIGE,2024-05-06,2024-05-21,10,1560.7361994319322,1584.6555766719837,64.63343313004073,77.29047500944723,1416.8714888561594,2.5959333999518046,113.1384159174595,75.51528174432406,0.6674592456678594,1422.1536067268737,1593.525634765625,1279.958204345703,993.8073944091797,1510811297.320984,95.10204081632652,91.42857142857143,90.61224489795919,92.28571428571429,0.9780439121756487,0.8274922221655531,0.11476262880461181,True,True,True,True,True,True,True,True,,2024-05-22,1594.5720375358862,1402.8309879745118,191.74104956137444
ARE&M-2024-05-24,ARE&M,2024-04-23,2024-05-24,21,1170.9356907641736,1175.229110054384,49.8135289185214,53.093227310855596,988.806295656974,3.7424133251498097,58.02961698537374,38.67010924745146,0.6663857398403679,1082.237283767928,1180.83984375,940.9434631347656,758.5588507080079,1062727417.1671753,58.57142857142858,92.85714285714286,93.26530612244898,82.69387755102042,0.9780439121756487,5.82528490210401,0.10567701343084307,True,True,True,True,True,True,True,True,,2024-05-27,1195.3301374506366,1068.963976940214,126.36616051042256
GODREJPROP-2024-06-03,GODREJPROP,2024-05-06,2024-06-03,19,2836.2903198102626,2911.924733521043,98.52236326112426,107.0589946583416,2613.516937353073,3.028833112509372,123.78165643653274,88.04446999436932,0.711288510180124,2694.9235618301714,2950.48828125,2588.58060546875,2086.6801165771485,2008667844.7869873,89.59183673469387,78.57142857142857,81.22448979591836,82.6734693877551,0.9780439121756487,2.840616950786344,0.3602083865258145,True,True,True,True,True,True,True,True,,2024-06-04,2935.759399137498,2668.158813165586,267.6005859719121
SUMICHEM-2024-07-02,SUMICHEM,2024-06-06,2024-07-02,17,496.89787804206196,507.5812104866216,22.3176974185162,19.540522873477357,466.43803480724785,1.8435224256261642,16.695768440148573,11.508153829734772,0.6892856636691808,472.5498734478172,509.4197082519531,440.7931427001953,402.4371319580078,364453596.91763306,60.16260162601627,92.07317073170732,59.756097560975604,72.8048780487805,0.9800796812749004,5.071804610847327,0.09408641607164621,True,True,True,True,True,True,True,True,,2024-07-03,512.5998720435008,467.6647427294479,44.935129314052915
COCHINSHIP-2024-07-03,COCHINSHIP,2024-06-18,2024-07-03,11,2304.5194150586476,2396.6687918035104,129.3270809059242,122.89434554432793,2080.933122525029,2.441373199385484,126.1461267819158,91.40882067133944,0.7246264550743522,2151.9575922771946,2405.010009765625,1725.4169287109376,956.2153591918945,9364425086.970825,90.85365853658537,99.79674796747967,100.0,97.17479674796749,0.9800796812749004,2.214382168020596,0.06787308175302416,True,True,True,True,True,True,True,True,,2024-07-04,2417.497423311766,2121.2340058911127,296.26341742065324
LLOYDSME-2024-07-04,LLOYDSME,2024-06-18,2024-07-04,12,772.8398557755578,772.8398557755578,30.604577375425894,27.772778122604564,694.6982152349433,2.5532664471086193,28.32449741655821,21.20348917436859,0.7485918942368681,724.0699071487937,773.039306640625,708.5043920898438,609.9423736572265,335635062.7809448,77.48478701825557,78.90466531440163,56.99797160243407,71.90669371196753,0.9820717131474104,8.99541118581933,0.007181523727540631,True,True,True,True,True,True,True,True,,2024-07-05,776.928974377467,717.1267126181426,59.802261759324324
EMAMILTD-2024-07-09,EMAMILTD,2024-06-05,2024-07-09,23,716.5213082549568,745.3744664819558,32.20801357520968,33.32256852248258,650.3512731796387,2.9502966111345614,40.59646968128531,28.997473399171078,0.714285592486844,686.6581564259983,747.3461303710938,598.7482379150391,502.67489486694336,454511555.98187256,53.54969574036511,97.3630831643002,70.58823529411765,76.1866125760649,0.9820717131474104,5.392890530177801,0.05916902497500154,True,True,True,True,True,True,True,True,,2024-07-10,759.8011098367977,678.3275142953777,81.47359554141997
NCC-2024-07-31,NCC,2024-07-03,2024-07-31,19,336.6030560931316,338.63658706819587,14.313936760446053,14.923615930616133,286.1512953548587,3.6667265331484966,12.133594719550137,9.199455853470942,0.7581805776525903,318.8819707364355,346.6256103515625,308.71029296875,224.9086308288574,1587479709.035797,81.33874239350912,95.53752535496957,96.34888438133873,91.5212981744422,0.9801192842942346,5.315225812843608,0.5353275855201401,True,True,True,True,True,True,True,True,,2024-08-01,348.223411028987,315.1510667537815,33.07234427520552
LALPATHLAB-2024-08-05,LALPATHLAB,2024-07-22,2024-08-05,10,1514.8746545517952,1544.2899150476596,37.41708456887419,39.564295642316274,1453.1765992027583,2.4350725582905226,42.431135667191214,32.35654857548707,0.7625661690810208,1500.877967801595,1549.265869140625,1396.8341625976564,1243.4406405639647,933495537.9099121,87.82961460446246,96.14604462474645,75.65922920892496,87.5050709939148,0.9801192842942346,1.7199694881623306,0.12576880270916033,True,True,True,True,True,True,True,True,,2024-08-06,1568.8020299060997,1490.986893891016,77.81513601508368
MINDACORP-2024-08-22,MINDACORP,2024-08-02,2024-08-22,13,523.2029458166752,533.377592336571,15.473540547350686,15.85960328027526,497.7728841133875,2.301005908391119,20.235771530135548,11.125301703730315,0.5497839154371889,507.2560531557242,535.4176025390625,488.8011016845703,417.2951077270508,158305156.07240295,88.23529411764706,80.52738336713996,69.77687626774848,79.61460446247465,0.9801192842942346,1.623774143717721,0.1286293336876039,True,True,True,True,True,True,True,True,,2024-08-23,536.0644316746123,503.2911523356554,32.773279338956854
TORNTPHARM-2024-08-28,TORNTPHARM,2024-08-08,2024-08-28,13,3311.062216493129,3329.8123812099316,98.11380055867883,75.75482352770692,3201.163048423391,1.3112256589183837,78.39699383324333,50.82158916084673,0.6482594124584459,3250.3451672791725,3356.80859375,3032.7563525390624,2569.830142211914,810148933.4042969,79.5131845841785,82.55578093306288,69.5740365111562,77.74847870182558,0.9801192842942346,2.3601249330786205,0.35636295199334345,True,True,True,True,True,True,True,True,,2024-08-29,3365.2020224458247,3231.406461397246,133.79556104857875
LALPATHLAB-2024-08-30,LALPATHLAB,2024-08-07,2024-08-30,16,1647.2424874160893,1668.3314883545554,44.438271692399894,38.650336405885696,1521.492980947787,3.3043253442253406,51.84888815562708,25.283916157098112,0.487646255426098,1610.9909539416146,1678.4246826171875,1500.6506005859376,1280.4670584106445,728274801.2133789,88.43813387423936,81.7444219066937,79.3103448275862,83.02231237322515,0.9820717131474104,1.1774026760579177,0.2611411749858689,True,True,True,True,True,True,True,True,,2024-09-02,1679.7013326544866,1601.3283698401433,78.37296281434328
ICICIPRULI-2024-09-03,ICICIPRULI,2024-07-31,2024-09-03,23,736.066669400139,755.3739370287637,21.841392030121217,18.139633193297158,694.0184532474682,2.8091379751199423,21.347551929899602,16.640129535422737,0.7794865467508899,717.5555417032955,760.051513671875,685.6815063476563,585.5911364746094,1035145055.5132446,65.72008113590265,90.26369168356997,85.80121703853956,81.56186612576066,0.9820717131474104,1.224671331555724,0.25786500715128463,True,True,True,True,True,True,True,True,,2024-09-04,756.8668036093527,713.0206334049712,43.84617020438145
SHYAMMETL-2024-09-12,SHYAMMETL,2024-08-22,2024-09-12,15,831.9908323343491,832.2100754507996,32.86407579986008,28.46171131222596,755.2448765949418,2.34192494335062,31.27970704090535,23.607950320960935,0.7547369382356477,783.5211738910317,834.7310791015625,733.4781323242188,637.4713125610351,880633032.4492798,84.17849898580123,88.43813387423936,70.99391480730223,81.92697768762677,0.9820717131474104,1.1304690226279979,0.08857526601641597,True,True,True,True,True,True,True,True,,2024-09-13,842.2939836164885,776.4057460629753,65.88823755351325
TRENT-2024-09-17,TRENT,2024-08-28,2024-09-17,14,7309.971024461528,7369.7988527787875,218.4583527103379,171.9955096311005,6935.790394169512,1.9866874084908228,180.4291482579647,127.25838773837731,0.7053094744782166,7080.942076052558,7388.2607421875,6267.468623046875,4512.708305664062,4373324343.186523,83.36713995943205,94.32048681541582,95.94320486815415,91.5212981744422,0.9840319361277445,1.2054016056709502,0.1073393686167154,True,True,True,True,True,True,True,True,,2024-09-18,7419.745612191269,7037.9431986447835,381.8024135464857
KAYNES-2024-12-02,KAYNES,2024-11-06,2024-12-02,16,5936.9501953125,6145.0,273.7866841462562,248.30700230054998,5351.35009765625,2.898789270261895,284.8099609375,184.37998046875,0.6473789746040911,5828.0,6319.0498046875,5564.938994140625,4063.6280029296877,2098480274.8825684,98.582995951417,98.582995951417,98.98785425101214,98.70445344129554,0.988,2.3631403297915736,0.7009460187386527,True,True,True,True,True,True,True,True,,2024-12-03,6349.64990234375,5765.923249424863,583.7266529188873
BAJFINANCE-2025-02-27,BAJFINANCE,2025-02-05,2025-02-27,15,848.3876520485252,855.7071861888002,23.11569010593913,19.890388161756626,792.7055870529578,2.725490731494768,22.613599329513885,12.797892159614525,0.5659378665523405,818.6846075867305,859.9151000976562,759.3371923828125,707.0308319091797,9696558487.693176,96.9758064516129,99.79838709677419,98.99193548387096,98.70967741935485,0.992,1.5695863052050927,0.2115551428476729,True,True,True,True,True,True,True,True,,2025-02-28,855.9245297524822,813.7120105462914,42.21251920619079
JKCEMENT-2025-04-22,JKCEMENT,2025-03-28,2025-04-22,13,5081.310009377289,5092.242234948852,154.01195814522848,150.8645460522825,4632.266343133403,2.986624528088303,177.9875488180607,124.35668775647427,0.6986819504076208,4822.896133778291,5120.46923828125,4686.81810546875,4488.5287805175785,466401853.55688477,78.14432989690722,84.74226804123711,94.43298969072164,85.6701030927835,0.9680638722554891,1.6849769528101035,0.18710163567930874,True,True,True,True,True,True,True,True,,2025-04-23,5120.469062409923,4785.179997265221,335.28906514470236
SBILIFE-2025-05-23,SBILIFE,2025-04-30,2025-05-23,16,1770.039405143323,1795.3043814501787,47.68500188388112,38.04145199930229,1690.749657316363,2.192612351959623,40.563640937466836,23.86682214486409,0.588379681736591,1738.7828169895174,1796.2030029296875,1608.5069775390625,1597.1541333007813,1751739812.7198486,81.30081300813008,77.4390243902439,81.5040650406504,79.8170731707317,0.9781312127236581,1.0594273020011837,0.02362216561884464,True,True,True,True,True,True,True,True,,2025-05-26,1803.4929153346563,1729.272453989692,74.2204613449644
AUBANK-2025-06-02,AUBANK,2025-04-29,2025-06-02,23,711.4308718168335,713.4264780983284,25.059972072536596,17.598897994302963,654.0574283637379,2.36907884664618,23.4682460976627,15.026854831588413,0.640305831507579,688.7808322476856,717.0684814453125,629.5893927001953,616.092664642334,1440344926.91568,42.393509127789045,87.82961460446246,89.8580121703854,74.80730223123732,0.9801192842942346,3.083152869115985,0.2069449659952044,True,True,True,True,True,True,True,True,,2025-06-03,723.404479140818,684.3811077491098,39.023371391708224
SCHAEFFLER-2025-06-05,SCHAEFFLER,2025-05-13,2025-06-05,17,3960.4141038768066,4233.16977515474,138.50143456680638,141.78229873351904,3821.754901002832,2.9704737386922972,211.55940585076115,114.93419287447595,0.5432714863812445,4002.170658857819,4280.57958984375,3578.8352099609374,3505.5460107421877,344533241.4489746,81.13590263691684,87.2210953346856,88.43813387423936,85.7606490872211,0.9801192842942346,2.1447992519763126,0.334384581943598,True,True,True,True,True,True,True,True,,2025-06-06,4309.442120870904,3966.7250841744394,342.7170366964642
HOMEFIRST-2025-06-24,HOMEFIRST,2025-06-06,2025-06-24,12,1321.8226418324684,1333.7668282365821,48.49199262079329,47.03924957271605,1204.4710140346256,2.666333289560774,50.125754037681915,37.584365275822805,0.749801494209321,1244.6832058216594,1334.4635009765625,1213.311259765625,1099.3195748901367,375130072.7697754,93.54838709677419,89.51612903225806,93.34677419354838,91.875,0.9860834990059643,2.806466818135576,0.014810456083136019,True,True,True,True,True,True,True,True,,2025-06-25,1335.7575808814292,1232.9233934284803,102.83418745294898
360ONE-2025-07-03,360ONE,2025-06-16,2025-07-03,13,1178.7275519158347,1195.642891855384,49.894740179913875,47.85400436893896,1088.216122090866,2.1530680263521,50.38970668295501,39.686597705253504,0.7875933462950286,1134.7083471894882,1213.3494873046875,1038.086826171875,1036.2583108520507,1214954147.1669312,97.98792756539235,90.54325955734407,45.87525150905433,79.37625754527164,0.9920159680638723,0.9091195675990101,0.3700128271981442,True,True,True,True,True,True,True,True,,2025-07-04,1213.3495727696654,1122.7448460972535,90.60472667241197
ATUL-2025-07-03,ATUL,2025-06-09,2025-07-03,18,7440.321937705179,7472.554699957499,192.16343048458185,196.0228219754088,6754.011325482378,3.7392305740127427,235.15066581251102,143.41116372337765,0.609869265000174,7210.725416755547,7493.3818359375,6977.994462890625,6768.734174804687,202390841.484375,68.2092555331992,84.50704225352112,66.19718309859155,74.12474849094568,0.9920159680638723,1.9462474464872546,0.10624852642216212,True,True,True,True,True,True,True,True,,2025-07-04,7536.524412335995,7161.719711261694,374.8047010743012
ENGINERSIN-2025-07-09,ENGINERSIN,2025-06-10,2025-07-09,21,240.53175166628117,240.53175166628117,8.559956089091605,8.005146019829539,208.27374866958684,3.7684776254638,10.155544332613095,7.165393062265144,0.7055646479976949,226.7055010916808,240.55130004882812,209.61139984130858,183.4142852783203,895336775.4050446,59.55734406438632,95.97585513078471,94.76861167002012,84.68812877263582,0.9920159680638723,2.9984280418032263,0.00244197701060477,True,True,True,True,True,True,True,True,,2025-07-10,242.10602708967997,224.7042145867234,17.401812502956574
NAM-INDIA-2025-07-10,NAM-INDIA,2025-06-09,2025-07-10,23,794.7555494313368,794.7555494313368,26.453879330840635,23.323503899389532,690.4253798301055,3.943851421428404,29.52958962286982,21.505815401664904,0.7282801988216343,756.0127830012134,798.0651245117188,719.3269848632813,645.6810285949707,541803746.328186,91.54929577464789,93.96378269617706,74.04426559356136,87.2635814889336,0.994,3.061524754646636,0.1418987084727247,True,True,True,True,True,True,True,True,,2025-07-11,802.8627608715534,750.181907026366,52.68085384518736
AIIL-2025-07-15,AIIL,2025-06-24,2025-07-15,15,544.0,548.5399780273438,18.222794010531086,23.289257931592463,486.3999938964844,3.4100140787931985,21.5,16.29600830078125,0.7579538744549418,511.20001220703125,550.9600219726562,481.0631573486328,373.77516433715823,481629497.9889679,90.14084507042254,99.59758551307847,96.98189134808854,95.97585513078471,0.994,4.752916219133612,0.10391245407736456,True,True,True,True,True,True,True,True,,2025-07-16,549.97998046875,505.37769772413316,44.60228274461684
ANANDRATHI-2025-09-01,ANANDRATHI,2025-08-12,2025-09-01,12,1386.4887629123791,1419.0117861376316,42.16498121156298,41.13063214897996,1328.863717739465,2.1379843132349134,41.6972433704987,31.606611586838607,0.7580024249085172,1362.4825574288882,1454.473388671875,1244.5735986328125,1021.4630722045898,259390500.77819824,92.35412474849095,100.0,91.95171026156942,95.29175050301811,0.9920159680638723,5.112830405088369,0.8621701316380779,True,True,True,True,True,True,True,True,,2025-09-02,1454.3239660602376,1352.1998993916432,102.12406666859442
AIIL-2025-09-15,AIIL,2025-08-29,2025-09-15,11,650.0,650.0,25.565306611787868,23.32370620965308,600.0,1.9557754874312978,30.235986328125,13.0679931640625,0.43219999580125734,608.0,655.3800048828125,581.3676025390625,426.61097045898435,583711292.8010559,84.10462776659959,97.98792756539235,100.0,94.42655935613682,0.9920159680638723,1.5692886722176382,0.23066680888759675,True,True,True,True,True,True,True,True,,2025-09-16,659.0,602.1690734475867,56.8309265524133
HYUNDAI-2025-09-17,HYUNDAI,2025-08-19,2025-09-17,20,2599.6736268449695,2604.13122302528,79.55826142415336,80.90235183920414,2338.468195309467,3.3392261590467562,109.89062905664404,61.651236097613946,0.5610235979797268,2450.102023112305,2625.823974609375,2268.3062109375,1893.53931640625,1978796215.1218262,83.5010060362173,98.59154929577466,94.16498993963782,92.73641851106639,0.9920159680638723,1.2814230433972056,0.2681349934945009,True,True,True,True,True,True,True,True,,2025-09-18,2629.885128374375,2429.8764351525037,200.00869322187145
LT-2025-10-15,LT,2025-09-26,2025-10-15,12,3758.1923467252477,3762.252611414323,60.226326444687764,59.65065325581903,3580.032470376755,3.025589502041436,64.50989868899987,48.76369871718534,0.7559103286190784,3679.0652781280623,3791.665283203125,3612.295419921875,3453.172015380859,6128590690.599121,88.43813387423936,84.98985801217039,68.35699797160242,81.03448275862068,0.9801192842942346,1.5377481123033616,0.4930821404865807,True,True,True,True,True,True,True,True,,2025-10-16,3793.250008284209,3664.1526148141074,129.09739347010145
ASAHIINDIA-2025-10-27,ASAHIINDIA,2025-09-18,2025-10-27,25,922.2999877929688,951.0,29.00078352432115,27.671436446734827,840.0,3.8274827956600284,29.99000244140625,23.94002685546875,0.7982669191922276,909.0499877929688,953.4500122070312,880.7219213867188,752.583335571289,157876092.19610596,73.22515212981745,87.4239350912779,87.82961460446246,83.28600405679514,0.9801192842942346,1.1987567209083223,0.08853939374442364,True,True,True,True,True,True,True,True,,2025-10-28,955.0,902.132128681285,52.86787131871495
PTCIL-2025-10-27,PTCIL,2025-10-03,2025-10-27,15,17149.0,17390.0,556.4404486155655,557.226476923077,15550.0,3.306733010833334,688.4,469.6,0.6821615339918653,16401.0,17461.0,15091.02,14380.609506835937,297677570.0,95.33468559837728,94.11764705882352,81.13590263691684,90.58823529411765,0.9801192842942346,2.653052013990748,0.12741677386195213,True,True,True,True,True,True,True,True,,2025-10-28,17570.0,16261.693380769231,1308.3066192307688
ADANIENSOL-2025-10-29,ADANIENSOL,2025-09-22,2025-10-29,25,957.9000244140625,959.0,26.231998295820834,24.887228953428398,860.4000244140625,3.758767230540954,28.110009765625,18.4300048828125,0.6556385087190568,918.2999877929688,967.5499877929688,865.2370056152344,834.4822518920898,1174048831.212616,81.54158215010142,90.46653144016227,42.799188640973625,73.48884381338742,0.9801192842942346,4.970338461834344,0.3435492078675528,True,True,True,True,True,True,True,True,,2025-10-30,971.9000244140625,912.0781805546117,59.82184385945084
CHENNPETRO-2025-11-17,CHENNPETRO,2025-10-31,2025-11-17,10,948.7814043290184,999.8806014056368,44.63845191191347,41.33523810585898,886.8443905392902,2.5322609997632677,49.131291532953966,30.792604773994775,0.6267412032785901,942.1265948161397,1022.7445678710938,777.204072265625,637.8374441528321,4225660167.825409,100.0,99.79757085020243,98.582995951417,99.49392712550608,0.9840637450199203,0.7246532696579266,0.5531349887692117,True,True,True,True,True,True,True,True,,2025-11-18,1025.7867832328354,931.792785289675,93.99399794316048
PNB-2025-11-19,PNB,2025-10-31,2025-11-19,12,120.54477506708514,121.32216073913033,2.5168939626342057,2.4296857959826292,115.50142529372869,2.312666140018708,2.5245889919845297,1.8968435961891401,0.7513474875362063,117.38660410522733,121.52622985839844,112.48046463012696,100.70134613037109,2036208926.8712273,88.05668016194332,87.4493927125506,88.46153846153845,87.93522267206478,0.9840637450199203,1.276409764023569,0.08398992149747551,True,True,True,True,True,True,True,True,,2025-11-20,122.36192696807807,116.77918265623168,5.582744311846383
CANFINHOME-2025-12-19,CANFINHOME,2025-11-11,2025-12-19,28,885.0809575421441,917.5339536101093,20.760409857787124,20.847900310098595,845.793223680226,3.455650944336906,30.368137152194596,12.932033358259673,0.425842167843513,894.6201832231563,928.1095581054688,860.3095812988281,759.3819720458985,148544786.29641724,95.37223340040242,96.17706237424547,86.92152917505031,93.15895372233402,0.9920159680638723,1.788664820847889,0.5072743220206551,True,True,True,True,True,True,True,True,,2025-12-22,925.4836385543324,889.4082081456316,36.075430408700754
INDUSTOWER-2025-12-24,INDUSTOWER,2025-12-05,2025-12-24,13,401.7310869884239,406.6461192359489,9.422494926923955,9.054996694868324,382.1191863841549,2.6030189500776966,9.84933367197716,6.312452895852846,0.6409015174105357,388.91345127624203,408.525390625,378.9012762451172,363.19632232666015,1886588425.2392578,82.32931726907631,93.77510040160642,57.63052208835341,79.49799196787149,0.9940119760479041,1.702875674392647,0.20753971010460168,True,True,True,True,True,True,True,True,,2025-12-26,408.52538096276965,386.64970210252494,21.875678860244705
TITAN-2025-12-26,TITAN,2025-11-19,2025-12-26,26,3927.612272623836,3948.942138344164,63.833510960284165,59.017167741240335,3738.732135807393,3.2930979257518667,61.896848815125395,38.154782936770786,0.6164252892862473,3877.377238871455,3978.94384765625,3814.9818896484376,3515.0650134277344,2341116058.029663,76.50602409638554,92.16867469879519,78.3132530120482,83.3132530120482,0.9940119760479041,1.8487928157776499,0.508355627020732,True,True,True,True,True,True,True,True,,2025-12-29,3996.8849305657486,3862.622946936145,134.2619836296035
INDIACEM-2026-01-05,INDIACEM,2025-12-17,2026-01-05,12,445.0,451.3500061035156,16.06638362594319,14.61794214061217,425.1499938964844,1.6307348820380951,15.350006103515625,10.839996337890625,0.7061884057106617,431.45001220703125,457.5,410.2869989013672,360.55300064086913,181228909.99145508,91.14688128772636,89.93963782696177,94.16498993963782,91.56941649899396,0.9920159680638723,2.0595620819522162,0.42071543568353637,True,True,True,True,True,True,True,True,,2026-01-06,458.8999938964844,427.79552667187824,31.10446722460614
JSWSTEEL-2026-02-25,JSWSTEEL,2026-01-29,2026-02-25,19,1237.8896617542614,1256.781145443388,26.11425741673334,25.198278551723227,1167.2951646432568,3.4267097613425057,34.3427484661634,26.070274746440646,0.7591202192837505,1215.6176228562415,1267.7183837890625,1179.13916015625,1101.5713781738282,1450048196.3864746,50.20080321285141,84.53815261044177,86.14457831325302,74.71887550200803,0.996,1.7840620622410703,0.43404704504810804,True,True,True,True,True,True,True,True,,2026-02-26,1268.2155276948338,1209.3180532183108,58.89747447652303
VTL-2026-03-17,VTL,2026-02-26,2026-03-17,12,549.9000244140625,552.0,23.33796176092121,20.904510282554266,511.0,1.7567943773330452,21.00999755859375,13.2,0.6282723243154679,522.0,553.8499755859375,481.252998046875,452.01805572509767,201804751.77062988,95.58232931726907,97.59036144578313,95.98393574297188,96.50602409638553,0.996,6.03354695291961,0.08849648046916392,True,True,True,True,True,True,True,True,,2026-03-18,554.0,516.7738724293614,37.226127570638596
NATCOPHARM-2026-05-06,NATCOPHARM,2026-04-08,2026-05-06,19,1122.098872513357,1132.9304574655964,42.24434892426804,33.82757080843644,1040.487105226205,2.188301029449308,30.867657857239056,22.851273682783223,0.7402982690966999,1078.2232359327074,1148.1546630859375,1021.6869799804688,908.1333099365235,685892952.7866211,47.85276073619632,93.66053169734151,95.29652351738241,80.40899795501022,0.9702380952380952,1.9330220878462727,0.45005317427476155,True,True,True,True,True,True,True,True,,2026-05-07,1153.9449829172586,1069.7663432305983,84.17863968666029
SOLARINDS-2026-05-08,SOLARINDS,2026-04-23,2026-05-08,11,15920.593107764573,15985.554891945072,499.3312432025565,430.4916082029126,14989.14362421958,1.9954915325041913,441.33927209445284,343.1972208320032,0.7776267432610307,15341.934870312198,16095.490234375,14282.14134765625,13819.284848632813,1792588901.0185547,79.34560327198365,77.50511247443764,79.75460122699386,78.7321063394683,0.9702380952380952,1.1744901543304902,0.2553716270773618,True,True,True,True,True,True,True,True,,2026-05-11,16095.489785455291,15234.311968261469,861.1778171938222
POLYCAB-2026-05-25,POLYCAB,2026-05-08,2026-05-25,11,9115.747542950257,9272.503618241282,250.24103774040665,218.2558423402349,8823.135551819621,1.7957409003707188,227.02277414986673,180.74250470278056,0.7961426133550165,8901.26505790863,9354.1162109375,7966.649619140625,7564.776469726563,3032311585.9589844,94.37751004016064,86.34538152610442,85.54216867469879,88.5140562248996,0.9880952380952381,0.7229896165195124,0.37393085024039524,True,True,True,True,True,True,True,True,,2026-05-26,9325.2528673159,8846.70109732357,478.55176999232935
J&KBANK-2026-06-03,J&KBANK,2026-05-07,2026-06-03,19,145.0,145.0,5.432512783128496,4.858441493027805,126.12000274658203,3.4753709760339087,5.463995361328125,3.8760009765625,0.7093712055458931,138.91000366210938,148.64999389648438,129.855400390625,111.52209197998047,436202696.24663544,88.15261044176707,86.74698795180723,92.9718875502008,89.03614457831324,0.9880952380952381,4.037287359342069,0.7512684678249939,True,True,True,True,True,True,True,True,,2026-06-04,149.0,137.69539328885242,11.304606711147585
WELCORP-2026-06-03,WELCORP,2026-05-14,2026-06-03,14,1365.2666799543763,1394.1706825150409,41.023642123279906,44.14884232901589,1248.0557767867808,3.561724365895427,51.28970416284646,37.49549891085362,0.731053132843274,1314.634801712879,1408.921630859375,1151.2682348632814,912.3812088012695,994201880.4220581,91.96787148594377,99.19678714859438,98.39357429718876,96.78714859437753,0.9880952380952381,2.5160293038450874,0.33411857630158903,True,True,True,True,True,True,True,True,,2026-06-04,1413.8054980898828,1303.597591130625,110.2079069592578
TEJASNET-2026-06-19,TEJASNET,2026-06-04,2026-06-19,11,629.4500122070312,629.4500122070312,30.3899157429635,32.54141824310993,525.5999755859375,3.417253193442606,38.40001220703125,27.82001953125,0.7244794449871556,572.7999877929688,632.3499755859375,487.3730010986328,476.18425018310546,6225866866.373779,98.59719438877755,90.18036072144288,87.97595190380761,92.0440881763527,0.9940239043824701,1.5121726060394673,0.08911607223880803,True,True,True,True,True,True,True,True,,2026-06-22,638.0,564.6646332321912,73.33536676780875
PAGEIND-2026-06-24,PAGEIND,2026-05-19,2026-06-24,26,38485.38518955911,40257.73499061914,980.7340740330538,1036.2177016078028,36384.12259289693,3.949707163525814,1409.6448841585982,936.8274945317186,0.6645840417396335,38785.862058683204,40660.51171875,37687.90375,36918.51270507812,730955039.1171875,75.8,72.0,69.39999999999999,72.36,1.0,2.2757232569373627,0.3886989457002242,True,True,True,True,True,True,True,True,,2026-06-25,40476.52892246642,38526.807633281256,1949.7212891851668
WELCORP-2026-06-25,WELCORP,2026-06-03,2026-06-25,16,1420.2839266054823,1434.2377065915468,44.14884232901589,42.89996035506215,1315.6315183332165,2.686507323893722,58.78484464311305,35.06360201861262,0.5964734997852972,1379.6190024434018,1450.2843017578125,1313.12181640625,954.4883947753906,817629205.836792,72.8,98.4,98.8,90.84,1.0,3.1474912239922226,0.37404685303799307,True,True,True,True,True,True,True,True,,2026-06-29,1460.1515754810296,1368.8940123546363,91.25756312639328
SAREGAMA-2026-06-29,SAREGAMA,2026-06-01,2026-06-29,20,477.5,489.95001220703125,20.942715066196715,18.7922847031226,433.25,2.7073859348136664,24.49000244140625,15.750006103515625,0.6431198257819054,461.54998779296875,498.8999938964844,410.057998046875,389.1518055725098,446092971.9181366,96.0,94.6,93.4,94.65999999999998,1.0,2.6762594495082817,0.47625830657865464,True,True,True,True,True,True,True,True,,2026-06-30,496.0,456.8519166171881,39.148083382811876
HOMEFIRST-2026-07-13,HOMEFIRST,2026-06-29,2026-07-13,10,1241.199951171875,1241.199951171875,39.8482399999828,40.85281536572721,1135.300048828125,2.6575804187034535,44.6199951171875,32.1400390625,0.7203057503276092,1182.0999755859375,1261.0,1129.6492919921875,1127.6651638793946,201787922.68115234,85.6,69.8,78.2,77.06,1.0,2.5371392214702992,0.48466791458235514,True,True,True,True,True,True,True,True,,2026-07-14,1265.0,1171.8867717445057,93.11322825549428
CPPLUS-2026-07-16,CPPLUS,2026-06-04,2026-07-16,30,3535.994873046875,3785.2816914212453,150.6852771817456,140.37963333228134,3263.718389430067,3.4612757911451877,197.65021007282476,131.64016025921575,0.6660259061233104,3530.0974338631077,3798.275634765625,3203.56966796875,2013.4974255371094,754023287.8255615,91.60000000000001,99.4,99.8,97.18,1.0,1.0142546072799892,0.09256288135204585,True,True,True,True,True,True,True,True,,2026-07-17,3818.266566391405,3495.0025255300375,323.26404086136745
EXIDEIND-2026-07-17,EXIDEIND,2026-07-02,2026-07-17,11,420.6840350707262,431.0,11.900672174627909,10.975981441576735,403.8500061035156,2.2813832276102723,11.05,7.750006103515625,0.7013580184177036,416.0,435.20001220703125,386.2384558105469,359.4488185119629,1296286468.6478424,93.8,92.4,82.0,89.69999999999999,1.0,4.005531123481168,0.38265482038095583,True,True,True,True,True,True,True,True,,2026-07-20,435.0,413.2560046396058,21.743995360394194
SOLARINDS-2026-07-20,SOLARINDS,2026-07-01,2026-07-20,13,18960.795984601693,18960.795984601693,552.7786234510578,568.0692386476702,17017.944199960442,3.514701369079385,584.0549246706345,411.95659995312747,0.7053388004312124,17929.406839939278,19016.763671875,17969.8224609375,14703.617319335937,1874539389.6210938,72.8,89.8,92.60000000000001,85.54,1.0,2.321347834945522,0.09852265087710471,True,True,True,True,True,True,True,True,,2026-07-21,19131.696037140653,17787.38953027736,1344.3065068632932
AJANTPHARM-2026-07-21,AJANTPHARM,2026-06-29,2026-07-21,16,3447.418480858349,3475.0652180349052,101.66737671559206,103.23834789653952,3225.253754913522,2.4571447714266785,128.2055037722689,84.92195537514063,0.6623893115071507,3310.770596514791,3542.844482421875,3163.8998388671876,2815.2649499511717,292675250.2199707,89.8,92.4,86.2,89.75999999999999,1.0,2.3096539778721867,0.6565318582480114,True,True,True,True,True,True,True,True,,2026-07-22,3541.556227728317,3284.961009540656,256.595218187661
AJANTPHARM-2026-08-13,AJANTPHARM,2026-07-21,2026-08-13,17,3566.1311560436325,3586.89990234375,103.23834789653952,95.9289642338214,3271.0345073616904,3.059574290152382,105.17653066038365,65.43994140625,0.6221914812683488,3442.5,3614.60009765625,3298.432314453125,2906.371770019531,298575727.0,71.2,65.8,81.6,72.16,1.0,1.605530483976033,0.28875736888998765,True,True,True,True,True,True,True,True,,2026-08-14,3620.89990234375,3418.517758941545,202.3821434022052
ETERNAL-2026-08-20,ETERNAL,2026-07-29,2026-08-20,16,316.3500061035156,325.0,9.933267882231934,8.158894488801085,300.04998779296875,2.511762745436516,8.2300048828125,6.52000732421875,0.7922239922159828,313.29998779296875,327.95001220703125,288.9010006713867,272.44780044555665,8673305682.5,92.2,94.0,72.39999999999999,86.98,1.0,1.3329687975195712,0.3615700890703321,True,True,True,True,True,True,True,True,,2026-08-21,330.0,311.2602641707685,18.739735829231506
BAJAJ-AUTO-2026-08-25,BAJAJ-AUTO,2026-08-03,2026-08-25,16,11856.0,11863.0,250.66241473458473,198.63606014818166,11534.0,1.3125222636523448,222.6,163.8,0.7358490566037736,11534.0,11927.0,10824.94,9795.826083984375,2689381056.0,77.2,72.8,77.4,75.5,1.0,0.6939926187685457,0.32219728861041785,True,True,True,True,True,True,True,True,,2026-08-26,11910.0,11484.340984962955,425.6590150370448
